[2026-05-11 17:36:52] production.ERROR: The C:\Users\penaj\OneDrive\Documentos\GitHub\penajaime11.github.io\carRentail\Dashboard\bootstrap\cache directory must be present and writable. {"exception":"[object] (Exception(code: 0): The C:\\Users\\penaj\\OneDrive\\Documentos\\GitHub\\penajaime11.github.io\\carRentail\\Dashboard\\bootstrap\\cache directory must be present and writable. at C:/Users/penaj/OneDrive/Documentos/GitHub/penajaime11.github.io/carRentail/Dashboard/vendor/laravel/framework/src/Illuminate/Foundation/PackageManifest.php:179)
[stacktrace]
#0 C:/Users/penaj/OneDrive/Documentos/GitHub/penajaime11.github.io/carRentail/Dashboard/vendor/laravel/framework/src/Illuminate/Foundation/PackageManifest.php(132): Illuminate/Foundation/PackageManifest->write(Array)
#1 C:/Users/penaj/OneDrive/Documentos/GitHub/penajaime11.github.io/carRentail/Dashboard/vendor/laravel/framework/src/Illuminate/Foundation/PackageManifest.php(108): Illuminate/Foundation/PackageManifest->build()
#2 C:/Users/penaj/OneDrive/Documentos/GitHub/penajaime11.github.io/carRentail/Dashboard/vendor/laravel/framework/src/Illuminate/Foundation/PackageManifest.php(90): Illuminate/Foundation/PackageManifest->getManifest()
#3 C:/Users/penaj/OneDrive/Documentos/GitHub/penajaime11.github.io/carRentail/Dashboard/vendor/laravel/framework/src/Illuminate/Foundation/PackageManifest.php(79): Illuminate/Foundation/PackageManifest->config('aliases')
#4 C:/Users/penaj/OneDrive/Documentos/GitHub/penajaime11.github.io/carRentail/Dashboard/vendor/laravel/framework/src/Illuminate/Foundation/Bootstrap/RegisterFacades.php(26): Illuminate/Foundation/PackageManifest->aliases()
#5 C:/Users/penaj/OneDrive/Documentos/GitHub/penajaime11.github.io/carRentail/Dashboard/vendor/laravel/framework/src/Illuminate/Foundation/Application.php(342): Illuminate/Foundation/Bootstrap/RegisterFacades->bootstrap(Object(Illuminate/Foundation/Application))
#6 C:/Users/penaj/OneDrive/Documentos/GitHub/penajaime11.github.io/carRentail/Dashboard/vendor/laravel/framework/src/Illuminate/Foundation/Console/Kernel.php(494): Illuminate/Foundation/Application->bootstrapWith(Array)
#7 C:/Users/penaj/OneDrive/Documentos/GitHub/penajaime11.github.io/carRentail/Dashboard/vendor/laravel/framework/src/Illuminate/Foundation/Console/Kernel.php(196): Illuminate/Foundation/Console/Kernel->bootstrap()
#8 C:/Users/penaj/OneDrive/Documentos/GitHub/penajaime11.github.io/carRentail/Dashboard/vendor/laravel/framework/src/Illuminate/Foundation/Application.php(1235): Illuminate/Foundation/Console/Kernel->handle(Object(Symfony/Component/Console/Input/ArgvInput), Object(Symfony/Component/Console/Output/ConsoleOutput))
#9 C:/Users/penaj/OneDrive/Documentos/GitHub/penajaime11.github.io/carRentail/Dashboard/artisan(16): Illuminate/Foundation/Application->handleCommand(Object(Symfony/Component/Console/Input/ArgvInput))
#10 {main}
"} 
[2026-05-11 17:39:59] local.ERROR: The C:\Users\penaj\OneDrive\Documentos\GitHub\penajaime11.github.io\carRentail\Dashboard\bootstrap\cache directory must be present and writable. {"exception":"[object] (Exception(code: 0): The C:\\Users\\penaj\\OneDrive\\Documentos\\GitHub\\penajaime11.github.io\\carRentail\\Dashboard\\bootstrap\\cache directory must be present and writable. at C:/Users/penaj/OneDrive/Documentos/GitHub/penajaime11.github.io/carRentail/Dashboard/vendor/laravel/framework/src/Illuminate/Foundation/PackageManifest.php:179)
[stacktrace]
#0 C:/Users/penaj/OneDrive/Documentos/GitHub/penajaime11.github.io/carRentail/Dashboard/vendor/laravel/framework/src/Illuminate/Foundation/PackageManifest.php(132): Illuminate/Foundation/PackageManifest->write(Array)
#1 C:/Users/penaj/OneDrive/Documentos/GitHub/penajaime11.github.io/carRentail/Dashboard/vendor/laravel/framework/src/Illuminate/Foundation/PackageManifest.php(108): Illuminate/Foundation/PackageManifest->build()
#2 C:/Users/penaj/OneDrive/Documentos/GitHub/penajaime11.github.io/carRentail/Dashboard/vendor/laravel/framework/src/Illuminate/Foundation/PackageManifest.php(90): Illuminate/Foundation/PackageManifest->getManifest()
#3 C:/Users/penaj/OneDrive/Documentos/GitHub/penajaime11.github.io/carRentail/Dashboard/vendor/laravel/framework/src/Illuminate/Foundation/PackageManifest.php(79): Illuminate/Foundation/PackageManifest->config('aliases')
#4 C:/Users/penaj/OneDrive/Documentos/GitHub/penajaime11.github.io/carRentail/Dashboard/vendor/laravel/framework/src/Illuminate/Foundation/Bootstrap/RegisterFacades.php(26): Illuminate/Foundation/PackageManifest->aliases()
#5 C:/Users/penaj/OneDrive/Documentos/GitHub/penajaime11.github.io/carRentail/Dashboard/vendor/laravel/framework/src/Illuminate/Foundation/Application.php(342): Illuminate/Foundation/Bootstrap/RegisterFacades->bootstrap(Object(Illuminate/Foundation/Application))
#6 C:/Users/penaj/OneDrive/Documentos/GitHub/penajaime11.github.io/carRentail/Dashboard/vendor/laravel/framework/src/Illuminate/Foundation/Console/Kernel.php(494): Illuminate/Foundation/Application->bootstrapWith(Array)
#7 C:/Users/penaj/OneDrive/Documentos/GitHub/penajaime11.github.io/carRentail/Dashboard/vendor/laravel/framework/src/Illuminate/Foundation/Console/Kernel.php(196): Illuminate/Foundation/Console/Kernel->bootstrap()
#8 C:/Users/penaj/OneDrive/Documentos/GitHub/penajaime11.github.io/carRentail/Dashboard/vendor/laravel/framework/src/Illuminate/Foundation/Application.php(1235): Illuminate/Foundation/Console/Kernel->handle(Object(Symfony/Component/Console/Input/ArgvInput), Object(Symfony/Component/Console/Output/ConsoleOutput))
#9 C:/Users/penaj/OneDrive/Documentos/GitHub/penajaime11.github.io/carRentail/Dashboard/artisan(16): Illuminate/Foundation/Application->handleCommand(Object(Symfony/Component/Console/Input/ArgvInput))
#10 {main}
"} 
[2026-05-11 17:40:47] local.ERROR: The C:\Users\penaj\OneDrive\Documentos\GitHub\penajaime11.github.io\carRentail\Dashboard\bootstrap\cache directory must be present and writable. {"exception":"[object] (Exception(code: 0): The C:\\Users\\penaj\\OneDrive\\Documentos\\GitHub\\penajaime11.github.io\\carRentail\\Dashboard\\bootstrap\\cache directory must be present and writable. at C:/Users/penaj/OneDrive/Documentos/GitHub/penajaime11.github.io/carRentail/Dashboard/vendor/laravel/framework/src/Illuminate/Foundation/PackageManifest.php:179)
[stacktrace]
#0 C:/Users/penaj/OneDrive/Documentos/GitHub/penajaime11.github.io/carRentail/Dashboard/vendor/laravel/framework/src/Illuminate/Foundation/PackageManifest.php(132): Illuminate/Foundation/PackageManifest->write(Array)
#1 C:/Users/penaj/OneDrive/Documentos/GitHub/penajaime11.github.io/carRentail/Dashboard/vendor/laravel/framework/src/Illuminate/Foundation/PackageManifest.php(108): Illuminate/Foundation/PackageManifest->build()
#2 C:/Users/penaj/OneDrive/Documentos/GitHub/penajaime11.github.io/carRentail/Dashboard/vendor/laravel/framework/src/Illuminate/Foundation/PackageManifest.php(90): Illuminate/Foundation/PackageManifest->getManifest()
#3 C:/Users/penaj/OneDrive/Documentos/GitHub/penajaime11.github.io/carRentail/Dashboard/vendor/laravel/framework/src/Illuminate/Foundation/PackageManifest.php(79): Illuminate/Foundation/PackageManifest->config('aliases')
#4 C:/Users/penaj/OneDrive/Documentos/GitHub/penajaime11.github.io/carRentail/Dashboard/vendor/laravel/framework/src/Illuminate/Foundation/Bootstrap/RegisterFacades.php(26): Illuminate/Foundation/PackageManifest->aliases()
#5 C:/Users/penaj/OneDrive/Documentos/GitHub/penajaime11.github.io/carRentail/Dashboard/vendor/laravel/framework/src/Illuminate/Foundation/Application.php(342): Illuminate/Foundation/Bootstrap/RegisterFacades->bootstrap(Object(Illuminate/Foundation/Application))
#6 C:/Users/penaj/OneDrive/Documentos/GitHub/penajaime11.github.io/carRentail/Dashboard/vendor/laravel/framework/src/Illuminate/Foundation/Console/Kernel.php(494): Illuminate/Foundation/Application->bootstrapWith(Array)
#7 C:/Users/penaj/OneDrive/Documentos/GitHub/penajaime11.github.io/carRentail/Dashboard/vendor/laravel/framework/src/Illuminate/Foundation/Console/Kernel.php(196): Illuminate/Foundation/Console/Kernel->bootstrap()
#8 C:/Users/penaj/OneDrive/Documentos/GitHub/penajaime11.github.io/carRentail/Dashboard/vendor/laravel/framework/src/Illuminate/Foundation/Application.php(1235): Illuminate/Foundation/Console/Kernel->handle(Object(Symfony/Component/Console/Input/ArgvInput), Object(Symfony/Component/Console/Output/ConsoleOutput))
#9 C:/Users/penaj/OneDrive/Documentos/GitHub/penajaime11.github.io/carRentail/Dashboard/artisan(16): Illuminate/Foundation/Application->handleCommand(Object(Symfony/Component/Console/Input/ArgvInput))
#10 {main}
"} 
[2026-05-11 17:42:53] local.ERROR: SQLSTATE[HY000] [2002] No se puede establecer una conexión ya que el equipo de destino denegó expresamente dicha conexión (Connection: mysql, Host: 127.0.0.1, Port: 3306, Database: acme, SQL: select exists (select 1 from information_schema.tables where table_schema = schema() and table_name = 'migrations' and table_type in ('BASE TABLE', 'SYSTEM VERSIONED')) as `exists`) {"exception":"[object] (Illuminate\\Database\\QueryException(code: 2002): SQLSTATE[HY000] [2002] No se puede establecer una conexión ya que el equipo de destino denegó expresamente dicha conexión (Connection: mysql, Host: 127.0.0.1, Port: 3306, Database: acme, SQL: select exists (select 1 from information_schema.tables where table_schema = schema() and table_name = 'migrations' and table_type in ('BASE TABLE', 'SYSTEM VERSIONED')) as `exists`) at C:/Users/penaj/OneDrive/Documentos/GitHub/penajaime11.github.io/carRentail/Dashboard/vendor/laravel/framework/src/Illuminate/Database/Connection.php:838)
[stacktrace]
#0 C:/Users/penaj/OneDrive/Documentos/GitHub/penajaime11.github.io/carRentail/Dashboard/vendor/laravel/framework/src/Illuminate/Database/Connection.php(794): Illuminate/Database/Connection->runQueryCallback('select exists (...', Array, Object(Closure))
#1 C:/Users/penaj/OneDrive/Documentos/GitHub/penajaime11.github.io/carRentail/Dashboard/vendor/laravel/framework/src/Illuminate/Database/Connection.php(411): Illuminate/Database/Connection->run('select exists (...', Array, Object(Closure))
#2 C:/Users/penaj/OneDrive/Documentos/GitHub/penajaime11.github.io/carRentail/Dashboard/vendor/laravel/framework/src/Illuminate/Database/Connection.php(357): Illuminate/Database/Connection->select('select exists (...', Array, true)
#3 C:/Users/penaj/OneDrive/Documentos/GitHub/penajaime11.github.io/carRentail/Dashboard/vendor/laravel/framework/src/Illuminate/Database/Connection.php(374): Illuminate/Database/Connection->selectOne('select exists (...', Array, true)
#4 C:/Users/penaj/OneDrive/Documentos/GitHub/penajaime11.github.io/carRentail/Dashboard/vendor/laravel/framework/src/Illuminate/Database/Schema/Builder.php(176): Illuminate/Database/Connection->scalar('select exists (...')
#5 C:/Users/penaj/OneDrive/Documentos/GitHub/penajaime11.github.io/carRentail/Dashboard/vendor/laravel/framework/src/Illuminate/Database/Migrations/DatabaseMigrationRepository.php(185): Illuminate/Database/Schema/Builder->hasTable('migrations')
#6 C:/Users/penaj/OneDrive/Documentos/GitHub/penajaime11.github.io/carRentail/Dashboard/vendor/laravel/framework/src/Illuminate/Database/Migrations/Migrator.php(758): Illuminate/Database/Migrations/DatabaseMigrationRepository->repositoryExists()
#7 C:/Users/penaj/OneDrive/Documentos/GitHub/penajaime11.github.io/carRentail/Dashboard/vendor/laravel/framework/src/Illuminate/Database/Console/Migrations/MigrateCommand.php(164): Illuminate/Database/Migrations/Migrator->repositoryExists()
#8 C:/Users/penaj/OneDrive/Documentos/GitHub/penajaime11.github.io/carRentail/Dashboard/vendor/laravel/framework/src/Illuminate/Support/helpers.php(328): Illuminate/Database/Console/Migrations/MigrateCommand->Illuminate/Database/Console/Migrations/{closure}(1)
#9 C:/Users/penaj/OneDrive/Documentos/GitHub/penajaime11.github.io/carRentail/Dashboard/vendor/laravel/framework/src/Illuminate/Database/Console/Migrations/MigrateCommand.php(164): retry(1, Object(Closure), 0, Object(Closure))
#10 C:/Users/penaj/OneDrive/Documentos/GitHub/penajaime11.github.io/carRentail/Dashboard/vendor/laravel/framework/src/Illuminate/Database/Console/Migrations/MigrateCommand.php(140): Illuminate/Database/Console/Migrations/MigrateCommand->repositoryExists()
#11 C:/Users/penaj/OneDrive/Documentos/GitHub/penajaime11.github.io/carRentail/Dashboard/vendor/laravel/framework/src/Illuminate/Database/Console/Migrations/MigrateCommand.php(110): Illuminate/Database/Console/Migrations/MigrateCommand->prepareDatabase()
#12 C:/Users/penaj/OneDrive/Documentos/GitHub/penajaime11.github.io/carRentail/Dashboard/vendor/laravel/framework/src/Illuminate/Database/Migrations/Migrator.php(671): Illuminate/Database/Console/Migrations/MigrateCommand->Illuminate/Database/Console/Migrations/{closure}()
#13 C:/Users/penaj/OneDrive/Documentos/GitHub/penajaime11.github.io/carRentail/Dashboard/vendor/laravel/framework/src/Illuminate/Database/Console/Migrations/MigrateCommand.php(109): Illuminate/Database/Migrations/Migrator->usingConnection(NULL, Object(Closure))
#14 C:/Users/penaj/OneDrive/Documentos/GitHub/penajaime11.github.io/carRentail/Dashboard/vendor/laravel/framework/src/Illuminate/Database/Console/Migrations/MigrateCommand.php(88): Illuminate/Database/Console/Migrations/MigrateCommand->runMigrations()
#15 C:/Users/penaj/OneDrive/Documentos/GitHub/penajaime11.github.io/carRentail/Dashboard/vendor/laravel/framework/src/Illuminate/Container/BoundMethod.php(36): Illuminate/Database/Console/Migrations/MigrateCommand->handle()
#16 C:/Users/penaj/OneDrive/Documentos/GitHub/penajaime11.github.io/carRentail/Dashboard/vendor/laravel/framework/src/Illuminate/Container/Util.php(43): Illuminate/Container/BoundMethod::Illuminate/Container/{closure}()
#17 C:/Users/penaj/OneDrive/Documentos/GitHub/penajaime11.github.io/carRentail/Dashboard/vendor/laravel/framework/src/Illuminate/Container/BoundMethod.php(96): Illuminate/Container/Util::unwrapIfClosure(Object(Closure))
#18 C:/Users/penaj/OneDrive/Documentos/GitHub/penajaime11.github.io/carRentail/Dashboard/vendor/laravel/framework/src/Illuminate/Container/BoundMethod.php(35): Illuminate/Container/BoundMethod::callBoundMethod(Object(Illuminate/Foundation/Application), Array, Object(Closure))
#19 C:/Users/penaj/OneDrive/Documentos/GitHub/penajaime11.github.io/carRentail/Dashboard/vendor/laravel/framework/src/Illuminate/Container/Container.php(799): Illuminate/Container/BoundMethod::call(Object(Illuminate/Foundation/Application), Array, Array, NULL)
#20 C:/Users/penaj/OneDrive/Documentos/GitHub/penajaime11.github.io/carRentail/Dashboard/vendor/laravel/framework/src/Illuminate/Console/Command.php(211): Illuminate/Container/Container->call(Array)
#21 C:/Users/penaj/OneDrive/Documentos/GitHub/penajaime11.github.io/carRentail/Dashboard/vendor/symfony/console/Command/Command.php(341): Illuminate/Console/Command->execute(Object(Symfony/Component/Console/Input/ArgvInput), Object(Illuminate/Console/OutputStyle))
#22 C:/Users/penaj/OneDrive/Documentos/GitHub/penajaime11.github.io/carRentail/Dashboard/vendor/laravel/framework/src/Illuminate/Console/Command.php(180): Symfony/Component/Console/Command/Command->run(Object(Symfony/Component/Console/Input/ArgvInput), Object(Illuminate/Console/OutputStyle))
#23 C:/Users/penaj/OneDrive/Documentos/GitHub/penajaime11.github.io/carRentail/Dashboard/vendor/symfony/console/Application.php(1117): Illuminate/Console/Command->run(Object(Symfony/Component/Console/Input/ArgvInput), Object(Symfony/Component/Console/Output/ConsoleOutput))
#24 C:/Users/penaj/OneDrive/Documentos/GitHub/penajaime11.github.io/carRentail/Dashboard/vendor/symfony/console/Application.php(356): Symfony/Component/Console/Application->doRunCommand(Object(Illuminate/Database/Console/Migrations/MigrateCommand), Object(Symfony/Component/Console/Input/ArgvInput), Object(Symfony/Component/Console/Output/ConsoleOutput))
#25 C:/Users/penaj/OneDrive/Documentos/GitHub/penajaime11.github.io/carRentail/Dashboard/vendor/symfony/console/Application.php(195): Symfony/Component/Console/Application->doRun(Object(Symfony/Component/Console/Input/ArgvInput), Object(Symfony/Component/Console/Output/ConsoleOutput))
#26 C:/Users/penaj/OneDrive/Documentos/GitHub/penajaime11.github.io/carRentail/Dashboard/vendor/laravel/framework/src/Illuminate/Foundation/Console/Kernel.php(198): Symfony/Component/Console/Application->run(Object(Symfony/Component/Console/Input/ArgvInput), Object(Symfony/Component/Console/Output/ConsoleOutput))
#27 C:/Users/penaj/OneDrive/Documentos/GitHub/penajaime11.github.io/carRentail/Dashboard/vendor/laravel/framework/src/Illuminate/Foundation/Application.php(1235): Illuminate/Foundation/Console/Kernel->handle(Object(Symfony/Component/Console/Input/ArgvInput), Object(Symfony/Component/Console/Output/ConsoleOutput))
#28 C:/Users/penaj/OneDrive/Documentos/GitHub/penajaime11.github.io/carRentail/Dashboard/artisan(16): Illuminate/Foundation/Application->handleCommand(Object(Symfony/Component/Console/Input/ArgvInput))
#29 {main}

[previous exception] [object] (PDOException(code: 2002): SQLSTATE[HY000] [2002] No se puede establecer una conexión ya que el equipo de destino denegó expresamente dicha conexión at C:/Users/penaj/OneDrive/Documentos/GitHub/penajaime11.github.io/carRentail/Dashboard/vendor/laravel/framework/src/Illuminate/Database/Connectors/Connector.php:66)
[stacktrace]
#0 C:/Users/penaj/OneDrive/Documentos/GitHub/penajaime11.github.io/carRentail/Dashboard/vendor/laravel/framework/src/Illuminate/Database/Connectors/Connector.php(66): PDO->__construct('mysql:host=127....', 'root', Object(SensitiveParameterValue), Array)
#1 C:/Users/penaj/OneDrive/Documentos/GitHub/penajaime11.github.io/carRentail/Dashboard/vendor/laravel/framework/src/Illuminate/Database/Connectors/Connector.php(44): Illuminate/Database/Connectors/Connector->createPdoConnection('mysql:host=127....', 'root', Object(SensitiveParameterValue), Array)
#2 C:/Users/penaj/OneDrive/Documentos/GitHub/penajaime11.github.io/carRentail/Dashboard/vendor/laravel/framework/src/Illuminate/Database/Connectors/MySqlConnector.php(24): Illuminate/Database/Connectors/Connector->createConnection('mysql:host=127....', Array, Array)
#3 C:/Users/penaj/OneDrive/Documentos/GitHub/penajaime11.github.io/carRentail/Dashboard/vendor/laravel/framework/src/Illuminate/Database/Connectors/ConnectionFactory.php(186): Illuminate/Database/Connectors/MySqlConnector->connect(Array)
#4 [internal function]: Illuminate/Database/Connectors/ConnectionFactory->Illuminate/Database/Connectors/{closure}()
#5 C:/Users/penaj/OneDrive/Documentos/GitHub/penajaime11.github.io/carRentail/Dashboard/vendor/laravel/framework/src/Illuminate/Database/Connection.php(1257): call_user_func(Object(Closure))
#6 C:/Users/penaj/OneDrive/Documentos/GitHub/penajaime11.github.io/carRentail/Dashboard/vendor/laravel/framework/src/Illuminate/Database/Connection.php(1295): Illuminate/Database/Connection->getPdo()
#7 C:/Users/penaj/OneDrive/Documentos/GitHub/penajaime11.github.io/carRentail/Dashboard/vendor/laravel/framework/src/Illuminate/Database/Connection.php(525): Illuminate/Database/Connection->getReadPdo()
#8 C:/Users/penaj/OneDrive/Documentos/GitHub/penajaime11.github.io/carRentail/Dashboard/vendor/laravel/framework/src/Illuminate/Database/Connection.php(420): Illuminate/Database/Connection->getPdoForSelect(true)
#9 C:/Users/penaj/OneDrive/Documentos/GitHub/penajaime11.github.io/carRentail/Dashboard/vendor/laravel/framework/src/Illuminate/Database/Connection.php(827): Illuminate/Database/Connection->Illuminate/Database/{closure}('select exists (...', Array)
#10 C:/Users/penaj/OneDrive/Documentos/GitHub/penajaime11.github.io/carRentail/Dashboard/vendor/laravel/framework/src/Illuminate/Database/Connection.php(794): Illuminate/Database/Connection->runQueryCallback('select exists (...', Array, Object(Closure))
#11 C:/Users/penaj/OneDrive/Documentos/GitHub/penajaime11.github.io/carRentail/Dashboard/vendor/laravel/framework/src/Illuminate/Database/Connection.php(411): Illuminate/Database/Connection->run('select exists (...', Array, Object(Closure))
#12 C:/Users/penaj/OneDrive/Documentos/GitHub/penajaime11.github.io/carRentail/Dashboard/vendor/laravel/framework/src/Illuminate/Database/Connection.php(357): Illuminate/Database/Connection->select('select exists (...', Array, true)
#13 C:/Users/penaj/OneDrive/Documentos/GitHub/penajaime11.github.io/carRentail/Dashboard/vendor/laravel/framework/src/Illuminate/Database/Connection.php(374): Illuminate/Database/Connection->selectOne('select exists (...', Array, true)
#14 C:/Users/penaj/OneDrive/Documentos/GitHub/penajaime11.github.io/carRentail/Dashboard/vendor/laravel/framework/src/Illuminate/Database/Schema/Builder.php(176): Illuminate/Database/Connection->scalar('select exists (...')
#15 C:/Users/penaj/OneDrive/Documentos/GitHub/penajaime11.github.io/carRentail/Dashboard/vendor/laravel/framework/src/Illuminate/Database/Migrations/DatabaseMigrationRepository.php(185): Illuminate/Database/Schema/Builder->hasTable('migrations')
#16 C:/Users/penaj/OneDrive/Documentos/GitHub/penajaime11.github.io/carRentail/Dashboard/vendor/laravel/framework/src/Illuminate/Database/Migrations/Migrator.php(758): Illuminate/Database/Migrations/DatabaseMigrationRepository->repositoryExists()
#17 C:/Users/penaj/OneDrive/Documentos/GitHub/penajaime11.github.io/carRentail/Dashboard/vendor/laravel/framework/src/Illuminate/Database/Console/Migrations/MigrateCommand.php(164): Illuminate/Database/Migrations/Migrator->repositoryExists()
#18 C:/Users/penaj/OneDrive/Documentos/GitHub/penajaime11.github.io/carRentail/Dashboard/vendor/laravel/framework/src/Illuminate/Support/helpers.php(328): Illuminate/Database/Console/Migrations/MigrateCommand->Illuminate/Database/Console/Migrations/{closure}(1)
#19 C:/Users/penaj/OneDrive/Documentos/GitHub/penajaime11.github.io/carRentail/Dashboard/vendor/laravel/framework/src/Illuminate/Database/Console/Migrations/MigrateCommand.php(164): retry(1, Object(Closure), 0, Object(Closure))
#20 C:/Users/penaj/OneDrive/Documentos/GitHub/penajaime11.github.io/carRentail/Dashboard/vendor/laravel/framework/src/Illuminate/Database/Console/Migrations/MigrateCommand.php(140): Illuminate/Database/Console/Migrations/MigrateCommand->repositoryExists()
#21 C:/Users/penaj/OneDrive/Documentos/GitHub/penajaime11.github.io/carRentail/Dashboard/vendor/laravel/framework/src/Illuminate/Database/Console/Migrations/MigrateCommand.php(110): Illuminate/Database/Console/Migrations/MigrateCommand->prepareDatabase()
#22 C:/Users/penaj/OneDrive/Documentos/GitHub/penajaime11.github.io/carRentail/Dashboard/vendor/laravel/framework/src/Illuminate/Database/Migrations/Migrator.php(671): Illuminate/Database/Console/Migrations/MigrateCommand->Illuminate/Database/Console/Migrations/{closure}()
#23 C:/Users/penaj/OneDrive/Documentos/GitHub/penajaime11.github.io/carRentail/Dashboard/vendor/laravel/framework/src/Illuminate/Database/Console/Migrations/MigrateCommand.php(109): Illuminate/Database/Migrations/Migrator->usingConnection(NULL, Object(Closure))
#24 C:/Users/penaj/OneDrive/Documentos/GitHub/penajaime11.github.io/carRentail/Dashboard/vendor/laravel/framework/src/Illuminate/Database/Console/Migrations/MigrateCommand.php(88): Illuminate/Database/Console/Migrations/MigrateCommand->runMigrations()
#25 C:/Users/penaj/OneDrive/Documentos/GitHub/penajaime11.github.io/carRentail/Dashboard/vendor/laravel/framework/src/Illuminate/Container/BoundMethod.php(36): Illuminate/Database/Console/Migrations/MigrateCommand->handle()
#26 C:/Users/penaj/OneDrive/Documentos/GitHub/penajaime11.github.io/carRentail/Dashboard/vendor/laravel/framework/src/Illuminate/Container/Util.php(43): Illuminate/Container/BoundMethod::Illuminate/Container/{closure}()
#27 C:/Users/penaj/OneDrive/Documentos/GitHub/penajaime11.github.io/carRentail/Dashboard/vendor/laravel/framework/src/Illuminate/Container/BoundMethod.php(96): Illuminate/Container/Util::unwrapIfClosure(Object(Closure))
#28 C:/Users/penaj/OneDrive/Documentos/GitHub/penajaime11.github.io/carRentail/Dashboard/vendor/laravel/framework/src/Illuminate/Container/BoundMethod.php(35): Illuminate/Container/BoundMethod::callBoundMethod(Object(Illuminate/Foundation/Application), Array, Object(Closure))
#29 C:/Users/penaj/OneDrive/Documentos/GitHub/penajaime11.github.io/carRentail/Dashboard/vendor/laravel/framework/src/Illuminate/Container/Container.php(799): Illuminate/Container/BoundMethod::call(Object(Illuminate/Foundation/Application), Array, Array, NULL)
#30 C:/Users/penaj/OneDrive/Documentos/GitHub/penajaime11.github.io/carRentail/Dashboard/vendor/laravel/framework/src/Illuminate/Console/Command.php(211): Illuminate/Container/Container->call(Array)
#31 C:/Users/penaj/OneDrive/Documentos/GitHub/penajaime11.github.io/carRentail/Dashboard/vendor/symfony/console/Command/Command.php(341): Illuminate/Console/Command->execute(Object(Symfony/Component/Console/Input/ArgvInput), Object(Illuminate/Console/OutputStyle))
#32 C:/Users/penaj/OneDrive/Documentos/GitHub/penajaime11.github.io/carRentail/Dashboard/vendor/laravel/framework/src/Illuminate/Console/Command.php(180): Symfony/Component/Console/Command/Command->run(Object(Symfony/Component/Console/Input/ArgvInput), Object(Illuminate/Console/OutputStyle))
#33 C:/Users/penaj/OneDrive/Documentos/GitHub/penajaime11.github.io/carRentail/Dashboard/vendor/symfony/console/Application.php(1117): Illuminate/Console/Command->run(Object(Symfony/Component/Console/Input/ArgvInput), Object(Symfony/Component/Console/Output/ConsoleOutput))
#34 C:/Users/penaj/OneDrive/Documentos/GitHub/penajaime11.github.io/carRentail/Dashboard/vendor/symfony/console/Application.php(356): Symfony/Component/Console/Application->doRunCommand(Object(Illuminate/Database/Console/Migrations/MigrateCommand), Object(Symfony/Component/Console/Input/ArgvInput), Object(Symfony/Component/Console/Output/ConsoleOutput))
#35 C:/Users/penaj/OneDrive/Documentos/GitHub/penajaime11.github.io/carRentail/Dashboard/vendor/symfony/console/Application.php(195): Symfony/Component/Console/Application->doRun(Object(Symfony/Component/Console/Input/ArgvInput), Object(Symfony/Component/Console/Output/ConsoleOutput))
#36 C:/Users/penaj/OneDrive/Documentos/GitHub/penajaime11.github.io/carRentail/Dashboard/vendor/laravel/framework/src/Illuminate/Foundation/Console/Kernel.php(198): Symfony/Component/Console/Application->run(Object(Symfony/Component/Console/Input/ArgvInput), Object(Symfony/Component/Console/Output/ConsoleOutput))
#37 C:/Users/penaj/OneDrive/Documentos/GitHub/penajaime11.github.io/carRentail/Dashboard/vendor/laravel/framework/src/Illuminate/Foundation/Application.php(1235): Illuminate/Foundation/Console/Kernel->handle(Object(Symfony/Component/Console/Input/ArgvInput), Object(Symfony/Component/Console/Output/ConsoleOutput))
#38 C:/Users/penaj/OneDrive/Documentos/GitHub/penajaime11.github.io/carRentail/Dashboard/artisan(16): Illuminate/Foundation/Application->handleCommand(Object(Symfony/Component/Console/Input/ArgvInput))
#39 {main}
"} 
[2026-05-11 17:43:04] local.ERROR: SQLSTATE[HY000] [2002] No se puede establecer una conexión ya que el equipo de destino denegó expresamente dicha conexión (Connection: mysql, Host: 127.0.0.1, Port: 3306, Database: acme, SQL: insert into `loyalty_levels` (`created_at`, `discount_percentage`, `free_extra_hours`, `min_points`, `name`, `updated_at`) values (2026-05-11 17:43:02, 0, 0, 0, Bronze, 2026-05-11 17:43:02), (2026-05-11 17:43:02, 5, 1, 100, Silver, 2026-05-11 17:43:02), (2026-05-11 17:43:02, 10, 2, 300, Gold, 2026-05-11 17:43:02)) {"exception":"[object] (Illuminate\\Database\\QueryException(code: 2002): SQLSTATE[HY000] [2002] No se puede establecer una conexión ya que el equipo de destino denegó expresamente dicha conexión (Connection: mysql, Host: 127.0.0.1, Port: 3306, Database: acme, SQL: insert into `loyalty_levels` (`created_at`, `discount_percentage`, `free_extra_hours`, `min_points`, `name`, `updated_at`) values (2026-05-11 17:43:02, 0, 0, 0, Bronze, 2026-05-11 17:43:02), (2026-05-11 17:43:02, 5, 1, 100, Silver, 2026-05-11 17:43:02), (2026-05-11 17:43:02, 10, 2, 300, Gold, 2026-05-11 17:43:02)) at C:/Users/penaj/OneDrive/Documentos/GitHub/penajaime11.github.io/carRentail/Dashboard/vendor/laravel/framework/src/Illuminate/Database/Connection.php:838)
[stacktrace]
#0 C:/Users/penaj/OneDrive/Documentos/GitHub/penajaime11.github.io/carRentail/Dashboard/vendor/laravel/framework/src/Illuminate/Database/Connection.php(794): Illuminate/Database/Connection->runQueryCallback('insert into `lo...', Array, Object(Closure))
#1 C:/Users/penaj/OneDrive/Documentos/GitHub/penajaime11.github.io/carRentail/Dashboard/vendor/laravel/framework/src/Illuminate/Database/MySqlConnection.php(42): Illuminate/Database/Connection->run('insert into `lo...', Array, Object(Closure))
#2 C:/Users/penaj/OneDrive/Documentos/GitHub/penajaime11.github.io/carRentail/Dashboard/vendor/laravel/framework/src/Illuminate/Database/Query/Builder.php(4121): Illuminate/Database/MySqlConnection->insert('insert into `lo...', Array)
#3 C:/Users/penaj/OneDrive/Documentos/GitHub/penajaime11.github.io/carRentail/Dashboard/database/seeders/LoyaltyLevelSeeder.php(17): Illuminate/Database/Query/Builder->insert(Array)
#4 C:/Users/penaj/OneDrive/Documentos/GitHub/penajaime11.github.io/carRentail/Dashboard/vendor/laravel/framework/src/Illuminate/Container/BoundMethod.php(36): Database/Seeders/LoyaltyLevelSeeder->run()
#5 C:/Users/penaj/OneDrive/Documentos/GitHub/penajaime11.github.io/carRentail/Dashboard/vendor/laravel/framework/src/Illuminate/Container/Util.php(43): Illuminate/Container/BoundMethod::Illuminate/Container/{closure}()
#6 C:/Users/penaj/OneDrive/Documentos/GitHub/penajaime11.github.io/carRentail/Dashboard/vendor/laravel/framework/src/Illuminate/Container/BoundMethod.php(96): Illuminate/Container/Util::unwrapIfClosure(Object(Closure))
#7 C:/Users/penaj/OneDrive/Documentos/GitHub/penajaime11.github.io/carRentail/Dashboard/vendor/laravel/framework/src/Illuminate/Container/BoundMethod.php(35): Illuminate/Container/BoundMethod::callBoundMethod(Object(Illuminate/Foundation/Application), Array, Object(Closure))
#8 C:/Users/penaj/OneDrive/Documentos/GitHub/penajaime11.github.io/carRentail/Dashboard/vendor/laravel/framework/src/Illuminate/Container/Container.php(799): Illuminate/Container/BoundMethod::call(Object(Illuminate/Foundation/Application), Array, Array, NULL)
#9 C:/Users/penaj/OneDrive/Documentos/GitHub/penajaime11.github.io/carRentail/Dashboard/vendor/laravel/framework/src/Illuminate/Database/Seeder.php(184): Illuminate/Container/Container->call(Array, Array)
#10 C:/Users/penaj/OneDrive/Documentos/GitHub/penajaime11.github.io/carRentail/Dashboard/vendor/laravel/framework/src/Illuminate/Database/Seeder.php(193): Illuminate/Database/Seeder->Illuminate/Database/{closure}()
#11 C:/Users/penaj/OneDrive/Documentos/GitHub/penajaime11.github.io/carRentail/Dashboard/vendor/laravel/framework/src/Illuminate/Database/Seeder.php(59): Illuminate/Database/Seeder->__invoke(Array)
#12 C:/Users/penaj/OneDrive/Documentos/GitHub/penajaime11.github.io/carRentail/Dashboard/database/seeders/DatabaseSeeder.php(20): Illuminate/Database/Seeder->call('Database//Seeder...')
#13 C:/Users/penaj/OneDrive/Documentos/GitHub/penajaime11.github.io/carRentail/Dashboard/vendor/laravel/framework/src/Illuminate/Container/BoundMethod.php(36): Database/Seeders/DatabaseSeeder->run()
#14 C:/Users/penaj/OneDrive/Documentos/GitHub/penajaime11.github.io/carRentail/Dashboard/vendor/laravel/framework/src/Illuminate/Container/Util.php(43): Illuminate/Container/BoundMethod::Illuminate/Container/{closure}()
#15 C:/Users/penaj/OneDrive/Documentos/GitHub/penajaime11.github.io/carRentail/Dashboard/vendor/laravel/framework/src/Illuminate/Container/BoundMethod.php(96): Illuminate/Container/Util::unwrapIfClosure(Object(Closure))
#16 C:/Users/penaj/OneDrive/Documentos/GitHub/penajaime11.github.io/carRentail/Dashboard/vendor/laravel/framework/src/Illuminate/Container/BoundMethod.php(35): Illuminate/Container/BoundMethod::callBoundMethod(Object(Illuminate/Foundation/Application), Array, Object(Closure))
#17 C:/Users/penaj/OneDrive/Documentos/GitHub/penajaime11.github.io/carRentail/Dashboard/vendor/laravel/framework/src/Illuminate/Container/Container.php(799): Illuminate/Container/BoundMethod::call(Object(Illuminate/Foundation/Application), Array, Array, NULL)
#18 C:/Users/penaj/OneDrive/Documentos/GitHub/penajaime11.github.io/carRentail/Dashboard/vendor/laravel/framework/src/Illuminate/Database/Seeder.php(184): Illuminate/Container/Container->call(Array, Array)
#19 C:/Users/penaj/OneDrive/Documentos/GitHub/penajaime11.github.io/carRentail/Dashboard/vendor/laravel/framework/src/Illuminate/Database/Eloquent/Concerns/HasEvents.php(454): Illuminate/Database/Seeder->Illuminate/Database/{closure}()
#20 C:/Users/penaj/OneDrive/Documentos/GitHub/penajaime11.github.io/carRentail/Dashboard/vendor/laravel/framework/src/Illuminate/Database/Console/Seeds/WithoutModelEvents.php(17): Illuminate/Database/Eloquent/Model::withoutEvents(Object(Closure))
#21 C:/Users/penaj/OneDrive/Documentos/GitHub/penajaime11.github.io/carRentail/Dashboard/vendor/laravel/framework/src/Illuminate/Database/Seeder.php(193): Database/Seeders/DatabaseSeeder->Illuminate/Database/Console/Seeds/{closure}()
#22 C:/Users/penaj/OneDrive/Documentos/GitHub/penajaime11.github.io/carRentail/Dashboard/vendor/laravel/framework/src/Illuminate/Database/Console/Seeds/SeedCommand.php(71): Illuminate/Database/Seeder->__invoke()
#23 C:/Users/penaj/OneDrive/Documentos/GitHub/penajaime11.github.io/carRentail/Dashboard/vendor/laravel/framework/src/Illuminate/Database/Eloquent/Concerns/GuardsAttributes.php(157): Illuminate/Database/Console/Seeds/SeedCommand->Illuminate/Database/Console/Seeds/{closure}()
#24 C:/Users/penaj/OneDrive/Documentos/GitHub/penajaime11.github.io/carRentail/Dashboard/vendor/laravel/framework/src/Illuminate/Database/Console/Seeds/SeedCommand.php(70): Illuminate/Database/Eloquent/Model::unguarded(Object(Closure))
#25 C:/Users/penaj/OneDrive/Documentos/GitHub/penajaime11.github.io/carRentail/Dashboard/vendor/laravel/framework/src/Illuminate/Container/BoundMethod.php(36): Illuminate/Database/Console/Seeds/SeedCommand->handle()
#26 C:/Users/penaj/OneDrive/Documentos/GitHub/penajaime11.github.io/carRentail/Dashboard/vendor/laravel/framework/src/Illuminate/Container/Util.php(43): Illuminate/Container/BoundMethod::Illuminate/Container/{closure}()
#27 C:/Users/penaj/OneDrive/Documentos/GitHub/penajaime11.github.io/carRentail/Dashboard/vendor/laravel/framework/src/Illuminate/Container/BoundMethod.php(96): Illuminate/Container/Util::unwrapIfClosure(Object(Closure))
#28 C:/Users/penaj/OneDrive/Documentos/GitHub/penajaime11.github.io/carRentail/Dashboard/vendor/laravel/framework/src/Illuminate/Container/BoundMethod.php(35): Illuminate/Container/BoundMethod::callBoundMethod(Object(Illuminate/Foundation/Application), Array, Object(Closure))
#29 C:/Users/penaj/OneDrive/Documentos/GitHub/penajaime11.github.io/carRentail/Dashboard/vendor/laravel/framework/src/Illuminate/Container/Container.php(799): Illuminate/Container/BoundMethod::call(Object(Illuminate/Foundation/Application), Array, Array, NULL)
#30 C:/Users/penaj/OneDrive/Documentos/GitHub/penajaime11.github.io/carRentail/Dashboard/vendor/laravel/framework/src/Illuminate/Console/Command.php(211): Illuminate/Container/Container->call(Array)
#31 C:/Users/penaj/OneDrive/Documentos/GitHub/penajaime11.github.io/carRentail/Dashboard/vendor/symfony/console/Command/Command.php(341): Illuminate/Console/Command->execute(Object(Symfony/Component/Console/Input/ArgvInput), Object(Illuminate/Console/OutputStyle))
#32 C:/Users/penaj/OneDrive/Documentos/GitHub/penajaime11.github.io/carRentail/Dashboard/vendor/laravel/framework/src/Illuminate/Console/Command.php(180): Symfony/Component/Console/Command/Command->run(Object(Symfony/Component/Console/Input/ArgvInput), Object(Illuminate/Console/OutputStyle))
#33 C:/Users/penaj/OneDrive/Documentos/GitHub/penajaime11.github.io/carRentail/Dashboard/vendor/symfony/console/Application.php(1117): Illuminate/Console/Command->run(Object(Symfony/Component/Console/Input/ArgvInput), Object(Symfony/Component/Console/Output/ConsoleOutput))
#34 C:/Users/penaj/OneDrive/Documentos/GitHub/penajaime11.github.io/carRentail/Dashboard/vendor/symfony/console/Application.php(356): Symfony/Component/Console/Application->doRunCommand(Object(Illuminate/Database/Console/Seeds/SeedCommand), Object(Symfony/Component/Console/Input/ArgvInput), Object(Symfony/Component/Console/Output/ConsoleOutput))
#35 C:/Users/penaj/OneDrive/Documentos/GitHub/penajaime11.github.io/carRentail/Dashboard/vendor/symfony/console/Application.php(195): Symfony/Component/Console/Application->doRun(Object(Symfony/Component/Console/Input/ArgvInput), Object(Symfony/Component/Console/Output/ConsoleOutput))
#36 C:/Users/penaj/OneDrive/Documentos/GitHub/penajaime11.github.io/carRentail/Dashboard/vendor/laravel/framework/src/Illuminate/Foundation/Console/Kernel.php(198): Symfony/Component/Console/Application->run(Object(Symfony/Component/Console/Input/ArgvInput), Object(Symfony/Component/Console/Output/ConsoleOutput))
#37 C:/Users/penaj/OneDrive/Documentos/GitHub/penajaime11.github.io/carRentail/Dashboard/vendor/laravel/framework/src/Illuminate/Foundation/Application.php(1235): Illuminate/Foundation/Console/Kernel->handle(Object(Symfony/Component/Console/Input/ArgvInput), Object(Symfony/Component/Console/Output/ConsoleOutput))
#38 C:/Users/penaj/OneDrive/Documentos/GitHub/penajaime11.github.io/carRentail/Dashboard/artisan(16): Illuminate/Foundation/Application->handleCommand(Object(Symfony/Component/Console/Input/ArgvInput))
#39 {main}

[previous exception] [object] (PDOException(code: 2002): SQLSTATE[HY000] [2002] No se puede establecer una conexión ya que el equipo de destino denegó expresamente dicha conexión at C:/Users/penaj/OneDrive/Documentos/GitHub/penajaime11.github.io/carRentail/Dashboard/vendor/laravel/framework/src/Illuminate/Database/Connectors/Connector.php:66)
[stacktrace]
#0 C:/Users/penaj/OneDrive/Documentos/GitHub/penajaime11.github.io/carRentail/Dashboard/vendor/laravel/framework/src/Illuminate/Database/Connectors/Connector.php(66): PDO->__construct('mysql:host=127....', 'root', Object(SensitiveParameterValue), Array)
#1 C:/Users/penaj/OneDrive/Documentos/GitHub/penajaime11.github.io/carRentail/Dashboard/vendor/laravel/framework/src/Illuminate/Database/Connectors/Connector.php(44): Illuminate/Database/Connectors/Connector->createPdoConnection('mysql:host=127....', 'root', Object(SensitiveParameterValue), Array)
#2 C:/Users/penaj/OneDrive/Documentos/GitHub/penajaime11.github.io/carRentail/Dashboard/vendor/laravel/framework/src/Illuminate/Database/Connectors/MySqlConnector.php(24): Illuminate/Database/Connectors/Connector->createConnection('mysql:host=127....', Array, Array)
#3 C:/Users/penaj/OneDrive/Documentos/GitHub/penajaime11.github.io/carRentail/Dashboard/vendor/laravel/framework/src/Illuminate/Database/Connectors/ConnectionFactory.php(186): Illuminate/Database/Connectors/MySqlConnector->connect(Array)
#4 [internal function]: Illuminate/Database/Connectors/ConnectionFactory->Illuminate/Database/Connectors/{closure}()
#5 C:/Users/penaj/OneDrive/Documentos/GitHub/penajaime11.github.io/carRentail/Dashboard/vendor/laravel/framework/src/Illuminate/Database/Connection.php(1257): call_user_func(Object(Closure))
#6 C:/Users/penaj/OneDrive/Documentos/GitHub/penajaime11.github.io/carRentail/Dashboard/vendor/laravel/framework/src/Illuminate/Database/MySqlConnection.php(47): Illuminate/Database/Connection->getPdo()
#7 C:/Users/penaj/OneDrive/Documentos/GitHub/penajaime11.github.io/carRentail/Dashboard/vendor/laravel/framework/src/Illuminate/Database/Connection.php(827): Illuminate/Database/MySqlConnection->Illuminate/Database/{closure}('insert into `lo...', Array)
#8 C:/Users/penaj/OneDrive/Documentos/GitHub/penajaime11.github.io/carRentail/Dashboard/vendor/laravel/framework/src/Illuminate/Database/Connection.php(794): Illuminate/Database/Connection->runQueryCallback('insert into `lo...', Array, Object(Closure))
#9 C:/Users/penaj/OneDrive/Documentos/GitHub/penajaime11.github.io/carRentail/Dashboard/vendor/laravel/framework/src/Illuminate/Database/MySqlConnection.php(42): Illuminate/Database/Connection->run('insert into `lo...', Array, Object(Closure))
#10 C:/Users/penaj/OneDrive/Documentos/GitHub/penajaime11.github.io/carRentail/Dashboard/vendor/laravel/framework/src/Illuminate/Database/Query/Builder.php(4121): Illuminate/Database/MySqlConnection->insert('insert into `lo...', Array)
#11 C:/Users/penaj/OneDrive/Documentos/GitHub/penajaime11.github.io/carRentail/Dashboard/database/seeders/LoyaltyLevelSeeder.php(17): Illuminate/Database/Query/Builder->insert(Array)
#12 C:/Users/penaj/OneDrive/Documentos/GitHub/penajaime11.github.io/carRentail/Dashboard/vendor/laravel/framework/src/Illuminate/Container/BoundMethod.php(36): Database/Seeders/LoyaltyLevelSeeder->run()
#13 C:/Users/penaj/OneDrive/Documentos/GitHub/penajaime11.github.io/carRentail/Dashboard/vendor/laravel/framework/src/Illuminate/Container/Util.php(43): Illuminate/Container/BoundMethod::Illuminate/Container/{closure}()
#14 C:/Users/penaj/OneDrive/Documentos/GitHub/penajaime11.github.io/carRentail/Dashboard/vendor/laravel/framework/src/Illuminate/Container/BoundMethod.php(96): Illuminate/Container/Util::unwrapIfClosure(Object(Closure))
#15 C:/Users/penaj/OneDrive/Documentos/GitHub/penajaime11.github.io/carRentail/Dashboard/vendor/laravel/framework/src/Illuminate/Container/BoundMethod.php(35): Illuminate/Container/BoundMethod::callBoundMethod(Object(Illuminate/Foundation/Application), Array, Object(Closure))
#16 C:/Users/penaj/OneDrive/Documentos/GitHub/penajaime11.github.io/carRentail/Dashboard/vendor/laravel/framework/src/Illuminate/Container/Container.php(799): Illuminate/Container/BoundMethod::call(Object(Illuminate/Foundation/Application), Array, Array, NULL)
#17 C:/Users/penaj/OneDrive/Documentos/GitHub/penajaime11.github.io/carRentail/Dashboard/vendor/laravel/framework/src/Illuminate/Database/Seeder.php(184): Illuminate/Container/Container->call(Array, Array)
#18 C:/Users/penaj/OneDrive/Documentos/GitHub/penajaime11.github.io/carRentail/Dashboard/vendor/laravel/framework/src/Illuminate/Database/Seeder.php(193): Illuminate/Database/Seeder->Illuminate/Database/{closure}()
#19 C:/Users/penaj/OneDrive/Documentos/GitHub/penajaime11.github.io/carRentail/Dashboard/vendor/laravel/framework/src/Illuminate/Database/Seeder.php(59): Illuminate/Database/Seeder->__invoke(Array)
#20 C:/Users/penaj/OneDrive/Documentos/GitHub/penajaime11.github.io/carRentail/Dashboard/database/seeders/DatabaseSeeder.php(20): Illuminate/Database/Seeder->call('Database//Seeder...')
#21 C:/Users/penaj/OneDrive/Documentos/GitHub/penajaime11.github.io/carRentail/Dashboard/vendor/laravel/framework/src/Illuminate/Container/BoundMethod.php(36): Database/Seeders/DatabaseSeeder->run()
#22 C:/Users/penaj/OneDrive/Documentos/GitHub/penajaime11.github.io/carRentail/Dashboard/vendor/laravel/framework/src/Illuminate/Container/Util.php(43): Illuminate/Container/BoundMethod::Illuminate/Container/{closure}()
#23 C:/Users/penaj/OneDrive/Documentos/GitHub/penajaime11.github.io/carRentail/Dashboard/vendor/laravel/framework/src/Illuminate/Container/BoundMethod.php(96): Illuminate/Container/Util::unwrapIfClosure(Object(Closure))
#24 C:/Users/penaj/OneDrive/Documentos/GitHub/penajaime11.github.io/carRentail/Dashboard/vendor/laravel/framework/src/Illuminate/Container/BoundMethod.php(35): Illuminate/Container/BoundMethod::callBoundMethod(Object(Illuminate/Foundation/Application), Array, Object(Closure))
#25 C:/Users/penaj/OneDrive/Documentos/GitHub/penajaime11.github.io/carRentail/Dashboard/vendor/laravel/framework/src/Illuminate/Container/Container.php(799): Illuminate/Container/BoundMethod::call(Object(Illuminate/Foundation/Application), Array, Array, NULL)
#26 C:/Users/penaj/OneDrive/Documentos/GitHub/penajaime11.github.io/carRentail/Dashboard/vendor/laravel/framework/src/Illuminate/Database/Seeder.php(184): Illuminate/Container/Container->call(Array, Array)
#27 C:/Users/penaj/OneDrive/Documentos/GitHub/penajaime11.github.io/carRentail/Dashboard/vendor/laravel/framework/src/Illuminate/Database/Eloquent/Concerns/HasEvents.php(454): Illuminate/Database/Seeder->Illuminate/Database/{closure}()
#28 C:/Users/penaj/OneDrive/Documentos/GitHub/penajaime11.github.io/carRentail/Dashboard/vendor/laravel/framework/src/Illuminate/Database/Console/Seeds/WithoutModelEvents.php(17): Illuminate/Database/Eloquent/Model::withoutEvents(Object(Closure))
#29 C:/Users/penaj/OneDrive/Documentos/GitHub/penajaime11.github.io/carRentail/Dashboard/vendor/laravel/framework/src/Illuminate/Database/Seeder.php(193): Database/Seeders/DatabaseSeeder->Illuminate/Database/Console/Seeds/{closure}()
#30 C:/Users/penaj/OneDrive/Documentos/GitHub/penajaime11.github.io/carRentail/Dashboard/vendor/laravel/framework/src/Illuminate/Database/Console/Seeds/SeedCommand.php(71): Illuminate/Database/Seeder->__invoke()
#31 C:/Users/penaj/OneDrive/Documentos/GitHub/penajaime11.github.io/carRentail/Dashboard/vendor/laravel/framework/src/Illuminate/Database/Eloquent/Concerns/GuardsAttributes.php(157): Illuminate/Database/Console/Seeds/SeedCommand->Illuminate/Database/Console/Seeds/{closure}()
#32 C:/Users/penaj/OneDrive/Documentos/GitHub/penajaime11.github.io/carRentail/Dashboard/vendor/laravel/framework/src/Illuminate/Database/Console/Seeds/SeedCommand.php(70): Illuminate/Database/Eloquent/Model::unguarded(Object(Closure))
#33 C:/Users/penaj/OneDrive/Documentos/GitHub/penajaime11.github.io/carRentail/Dashboard/vendor/laravel/framework/src/Illuminate/Container/BoundMethod.php(36): Illuminate/Database/Console/Seeds/SeedCommand->handle()
#34 C:/Users/penaj/OneDrive/Documentos/GitHub/penajaime11.github.io/carRentail/Dashboard/vendor/laravel/framework/src/Illuminate/Container/Util.php(43): Illuminate/Container/BoundMethod::Illuminate/Container/{closure}()
#35 C:/Users/penaj/OneDrive/Documentos/GitHub/penajaime11.github.io/carRentail/Dashboard/vendor/laravel/framework/src/Illuminate/Container/BoundMethod.php(96): Illuminate/Container/Util::unwrapIfClosure(Object(Closure))
#36 C:/Users/penaj/OneDrive/Documentos/GitHub/penajaime11.github.io/carRentail/Dashboard/vendor/laravel/framework/src/Illuminate/Container/BoundMethod.php(35): Illuminate/Container/BoundMethod::callBoundMethod(Object(Illuminate/Foundation/Application), Array, Object(Closure))
#37 C:/Users/penaj/OneDrive/Documentos/GitHub/penajaime11.github.io/carRentail/Dashboard/vendor/laravel/framework/src/Illuminate/Container/Container.php(799): Illuminate/Container/BoundMethod::call(Object(Illuminate/Foundation/Application), Array, Array, NULL)
#38 C:/Users/penaj/OneDrive/Documentos/GitHub/penajaime11.github.io/carRentail/Dashboard/vendor/laravel/framework/src/Illuminate/Console/Command.php(211): Illuminate/Container/Container->call(Array)
#39 C:/Users/penaj/OneDrive/Documentos/GitHub/penajaime11.github.io/carRentail/Dashboard/vendor/symfony/console/Command/Command.php(341): Illuminate/Console/Command->execute(Object(Symfony/Component/Console/Input/ArgvInput), Object(Illuminate/Console/OutputStyle))
#40 C:/Users/penaj/OneDrive/Documentos/GitHub/penajaime11.github.io/carRentail/Dashboard/vendor/laravel/framework/src/Illuminate/Console/Command.php(180): Symfony/Component/Console/Command/Command->run(Object(Symfony/Component/Console/Input/ArgvInput), Object(Illuminate/Console/OutputStyle))
#41 C:/Users/penaj/OneDrive/Documentos/GitHub/penajaime11.github.io/carRentail/Dashboard/vendor/symfony/console/Application.php(1117): Illuminate/Console/Command->run(Object(Symfony/Component/Console/Input/ArgvInput), Object(Symfony/Component/Console/Output/ConsoleOutput))
#42 C:/Users/penaj/OneDrive/Documentos/GitHub/penajaime11.github.io/carRentail/Dashboard/vendor/symfony/console/Application.php(356): Symfony/Component/Console/Application->doRunCommand(Object(Illuminate/Database/Console/Seeds/SeedCommand), Object(Symfony/Component/Console/Input/ArgvInput), Object(Symfony/Component/Console/Output/ConsoleOutput))
#43 C:/Users/penaj/OneDrive/Documentos/GitHub/penajaime11.github.io/carRentail/Dashboard/vendor/symfony/console/Application.php(195): Symfony/Component/Console/Application->doRun(Object(Symfony/Component/Console/Input/ArgvInput), Object(Symfony/Component/Console/Output/ConsoleOutput))
#44 C:/Users/penaj/OneDrive/Documentos/GitHub/penajaime11.github.io/carRentail/Dashboard/vendor/laravel/framework/src/Illuminate/Foundation/Console/Kernel.php(198): Symfony/Component/Console/Application->run(Object(Symfony/Component/Console/Input/ArgvInput), Object(Symfony/Component/Console/Output/ConsoleOutput))
#45 C:/Users/penaj/OneDrive/Documentos/GitHub/penajaime11.github.io/carRentail/Dashboard/vendor/laravel/framework/src/Illuminate/Foundation/Application.php(1235): Illuminate/Foundation/Console/Kernel->handle(Object(Symfony/Component/Console/Input/ArgvInput), Object(Symfony/Component/Console/Output/ConsoleOutput))
#46 C:/Users/penaj/OneDrive/Documentos/GitHub/penajaime11.github.io/carRentail/Dashboard/artisan(16): Illuminate/Foundation/Application->handleCommand(Object(Symfony/Component/Console/Input/ArgvInput))
#47 {main}
"} 
[2026-05-11 17:43:44] local.ERROR: SQLSTATE[42S01]: Base table or view already exists: 1050 Table 'users' already exists (Connection: mysql, Host: 127.0.0.1, Port: 3306, Database: acme, SQL: create table `users` (`id` bigint unsigned not null auto_increment primary key, `name` varchar(255) not null, `email` varchar(255) not null, `email_verified_at` timestamp null, `password` varchar(255) not null, `remember_token` varchar(100) null, `loyalty_points` int not null default '0', `loyalty_level_id` bigint unsigned null, `created_at` timestamp null, `updated_at` timestamp null) default character set utf8mb4 collate 'utf8mb4_unicode_ci') {"exception":"[object] (Illuminate\\Database\\QueryException(code: 42S01): SQLSTATE[42S01]: Base table or view already exists: 1050 Table 'users' already exists (Connection: mysql, Host: 127.0.0.1, Port: 3306, Database: acme, SQL: create table `users` (`id` bigint unsigned not null auto_increment primary key, `name` varchar(255) not null, `email` varchar(255) not null, `email_verified_at` timestamp null, `password` varchar(255) not null, `remember_token` varchar(100) null, `loyalty_points` int not null default '0', `loyalty_level_id` bigint unsigned null, `created_at` timestamp null, `updated_at` timestamp null) default character set utf8mb4 collate 'utf8mb4_unicode_ci') at C:/Users/penaj/OneDrive/Documentos/GitHub/penajaime11.github.io/carRentail/Dashboard/vendor/laravel/framework/src/Illuminate/Database/Connection.php:838)
[stacktrace]
#0 C:/Users/penaj/OneDrive/Documentos/GitHub/penajaime11.github.io/carRentail/Dashboard/vendor/laravel/framework/src/Illuminate/Database/Connection.php(794): Illuminate/Database/Connection->runQueryCallback('create table `u...', Array, Object(Closure))
#1 C:/Users/penaj/OneDrive/Documentos/GitHub/penajaime11.github.io/carRentail/Dashboard/vendor/laravel/framework/src/Illuminate/Database/Connection.php(573): Illuminate/Database/Connection->run('create table `u...', Array, Object(Closure))
#2 C:/Users/penaj/OneDrive/Documentos/GitHub/penajaime11.github.io/carRentail/Dashboard/vendor/laravel/framework/src/Illuminate/Database/Schema/Blueprint.php(121): Illuminate/Database/Connection->statement('create table `u...')
#3 C:/Users/penaj/OneDrive/Documentos/GitHub/penajaime11.github.io/carRentail/Dashboard/vendor/laravel/framework/src/Illuminate/Database/Schema/Builder.php(686): Illuminate/Database/Schema/Blueprint->build()
#4 C:/Users/penaj/OneDrive/Documentos/GitHub/penajaime11.github.io/carRentail/Dashboard/vendor/laravel/framework/src/Illuminate/Database/Schema/Builder.php(506): Illuminate/Database/Schema/Builder->build(Object(Illuminate/Database/Schema/Blueprint))
#5 C:/Users/penaj/OneDrive/Documentos/GitHub/penajaime11.github.io/carRentail/Dashboard/vendor/laravel/framework/src/Illuminate/Support/Facades/Facade.php(363): Illuminate/Database/Schema/Builder->create('users', Object(Closure))
#6 C:/Users/penaj/OneDrive/Documentos/GitHub/penajaime11.github.io/carRentail/Dashboard/database/migrations/0000_02_20_192123_create_users_table.php(14): Illuminate/Support/Facades/Facade::__callStatic('create', Array)
#7 C:/Users/penaj/OneDrive/Documentos/GitHub/penajaime11.github.io/carRentail/Dashboard/vendor/laravel/framework/src/Illuminate/Database/Migrations/Migrator.php(517): Illuminate/Database/Migrations/Migration@anonymous->up()
#8 C:/Users/penaj/OneDrive/Documentos/GitHub/penajaime11.github.io/carRentail/Dashboard/vendor/laravel/framework/src/Illuminate/Database/Migrations/Migrator.php(442): Illuminate/Database/Migrations/Migrator->runMethod(Object(Illuminate/Database/MySqlConnection), Object(Illuminate/Database/Migrations/Migration@anonymous), 'up')
#9 C:/Users/penaj/OneDrive/Documentos/GitHub/penajaime11.github.io/carRentail/Dashboard/vendor/laravel/framework/src/Illuminate/Database/Migrations/Migrator.php(451): Illuminate/Database/Migrations/Migrator->Illuminate/Database/Migrations/{closure}()
#10 C:/Users/penaj/OneDrive/Documentos/GitHub/penajaime11.github.io/carRentail/Dashboard/vendor/laravel/framework/src/Illuminate/Database/Migrations/Migrator.php(253): Illuminate/Database/Migrations/Migrator->runMigration(Object(Illuminate/Database/Migrations/Migration@anonymous), 'up')
#11 C:/Users/penaj/OneDrive/Documentos/GitHub/penajaime11.github.io/carRentail/Dashboard/vendor/laravel/framework/src/Illuminate/Console/View/Components/Task.php(41): Illuminate/Database/Migrations/Migrator->Illuminate/Database/Migrations/{closure}()
#12 C:/Users/penaj/OneDrive/Documentos/GitHub/penajaime11.github.io/carRentail/Dashboard/vendor/laravel/framework/src/Illuminate/Database/Migrations/Migrator.php(814): Illuminate/Console/View/Components/Task->render('0000_02_20_1921...', Object(Closure))
#13 C:/Users/penaj/OneDrive/Documentos/GitHub/penajaime11.github.io/carRentail/Dashboard/vendor/laravel/framework/src/Illuminate/Database/Migrations/Migrator.php(253): Illuminate/Database/Migrations/Migrator->write('Illuminate//Cons...', '0000_02_20_1921...', Object(Closure))
#14 C:/Users/penaj/OneDrive/Documentos/GitHub/penajaime11.github.io/carRentail/Dashboard/vendor/laravel/framework/src/Illuminate/Database/Migrations/Migrator.php(211): Illuminate/Database/Migrations/Migrator->runUp('C://Users//penaj//...', 3, false)
#15 C:/Users/penaj/OneDrive/Documentos/GitHub/penajaime11.github.io/carRentail/Dashboard/vendor/laravel/framework/src/Illuminate/Database/Migrations/Migrator.php(138): Illuminate/Database/Migrations/Migrator->runPending(Array, Array)
#16 C:/Users/penaj/OneDrive/Documentos/GitHub/penajaime11.github.io/carRentail/Dashboard/vendor/laravel/framework/src/Illuminate/Database/Console/Migrations/MigrateCommand.php(116): Illuminate/Database/Migrations/Migrator->run(Array, Array)
#17 C:/Users/penaj/OneDrive/Documentos/GitHub/penajaime11.github.io/carRentail/Dashboard/vendor/laravel/framework/src/Illuminate/Database/Migrations/Migrator.php(671): Illuminate/Database/Console/Migrations/MigrateCommand->Illuminate/Database/Console/Migrations/{closure}()
#18 C:/Users/penaj/OneDrive/Documentos/GitHub/penajaime11.github.io/carRentail/Dashboard/vendor/laravel/framework/src/Illuminate/Database/Console/Migrations/MigrateCommand.php(109): Illuminate/Database/Migrations/Migrator->usingConnection(NULL, Object(Closure))
#19 C:/Users/penaj/OneDrive/Documentos/GitHub/penajaime11.github.io/carRentail/Dashboard/vendor/laravel/framework/src/Illuminate/Database/Console/Migrations/MigrateCommand.php(88): Illuminate/Database/Console/Migrations/MigrateCommand->runMigrations()
#20 C:/Users/penaj/OneDrive/Documentos/GitHub/penajaime11.github.io/carRentail/Dashboard/vendor/laravel/framework/src/Illuminate/Container/BoundMethod.php(36): Illuminate/Database/Console/Migrations/MigrateCommand->handle()
#21 C:/Users/penaj/OneDrive/Documentos/GitHub/penajaime11.github.io/carRentail/Dashboard/vendor/laravel/framework/src/Illuminate/Container/Util.php(43): Illuminate/Container/BoundMethod::Illuminate/Container/{closure}()
#22 C:/Users/penaj/OneDrive/Documentos/GitHub/penajaime11.github.io/carRentail/Dashboard/vendor/laravel/framework/src/Illuminate/Container/BoundMethod.php(96): Illuminate/Container/Util::unwrapIfClosure(Object(Closure))
#23 C:/Users/penaj/OneDrive/Documentos/GitHub/penajaime11.github.io/carRentail/Dashboard/vendor/laravel/framework/src/Illuminate/Container/BoundMethod.php(35): Illuminate/Container/BoundMethod::callBoundMethod(Object(Illuminate/Foundation/Application), Array, Object(Closure))
#24 C:/Users/penaj/OneDrive/Documentos/GitHub/penajaime11.github.io/carRentail/Dashboard/vendor/laravel/framework/src/Illuminate/Container/Container.php(799): Illuminate/Container/BoundMethod::call(Object(Illuminate/Foundation/Application), Array, Array, NULL)
#25 C:/Users/penaj/OneDrive/Documentos/GitHub/penajaime11.github.io/carRentail/Dashboard/vendor/laravel/framework/src/Illuminate/Console/Command.php(211): Illuminate/Container/Container->call(Array)
#26 C:/Users/penaj/OneDrive/Documentos/GitHub/penajaime11.github.io/carRentail/Dashboard/vendor/symfony/console/Command/Command.php(341): Illuminate/Console/Command->execute(Object(Symfony/Component/Console/Input/ArgvInput), Object(Illuminate/Console/OutputStyle))
#27 C:/Users/penaj/OneDrive/Documentos/GitHub/penajaime11.github.io/carRentail/Dashboard/vendor/laravel/framework/src/Illuminate/Console/Command.php(180): Symfony/Component/Console/Command/Command->run(Object(Symfony/Component/Console/Input/ArgvInput), Object(Illuminate/Console/OutputStyle))
#28 C:/Users/penaj/OneDrive/Documentos/GitHub/penajaime11.github.io/carRentail/Dashboard/vendor/symfony/console/Application.php(1117): Illuminate/Console/Command->run(Object(Symfony/Component/Console/Input/ArgvInput), Object(Symfony/Component/Console/Output/ConsoleOutput))
#29 C:/Users/penaj/OneDrive/Documentos/GitHub/penajaime11.github.io/carRentail/Dashboard/vendor/symfony/console/Application.php(356): Symfony/Component/Console/Application->doRunCommand(Object(Illuminate/Database/Console/Migrations/MigrateCommand), Object(Symfony/Component/Console/Input/ArgvInput), Object(Symfony/Component/Console/Output/ConsoleOutput))
#30 C:/Users/penaj/OneDrive/Documentos/GitHub/penajaime11.github.io/carRentail/Dashboard/vendor/symfony/console/Application.php(195): Symfony/Component/Console/Application->doRun(Object(Symfony/Component/Console/Input/ArgvInput), Object(Symfony/Component/Console/Output/ConsoleOutput))
#31 C:/Users/penaj/OneDrive/Documentos/GitHub/penajaime11.github.io/carRentail/Dashboard/vendor/laravel/framework/src/Illuminate/Foundation/Console/Kernel.php(198): Symfony/Component/Console/Application->run(Object(Symfony/Component/Console/Input/ArgvInput), Object(Symfony/Component/Console/Output/ConsoleOutput))
#32 C:/Users/penaj/OneDrive/Documentos/GitHub/penajaime11.github.io/carRentail/Dashboard/vendor/laravel/framework/src/Illuminate/Foundation/Application.php(1235): Illuminate/Foundation/Console/Kernel->handle(Object(Symfony/Component/Console/Input/ArgvInput), Object(Symfony/Component/Console/Output/ConsoleOutput))
#33 C:/Users/penaj/OneDrive/Documentos/GitHub/penajaime11.github.io/carRentail/Dashboard/artisan(16): Illuminate/Foundation/Application->handleCommand(Object(Symfony/Component/Console/Input/ArgvInput))
#34 {main}

[previous exception] [object] (PDOException(code: 42S01): SQLSTATE[42S01]: Base table or view already exists: 1050 Table 'users' already exists at C:/Users/penaj/OneDrive/Documentos/GitHub/penajaime11.github.io/carRentail/Dashboard/vendor/laravel/framework/src/Illuminate/Database/Connection.php:584)
[stacktrace]
#0 C:/Users/penaj/OneDrive/Documentos/GitHub/penajaime11.github.io/carRentail/Dashboard/vendor/laravel/framework/src/Illuminate/Database/Connection.php(584): PDOStatement->execute()
#1 C:/Users/penaj/OneDrive/Documentos/GitHub/penajaime11.github.io/carRentail/Dashboard/vendor/laravel/framework/src/Illuminate/Database/Connection.php(827): Illuminate/Database/Connection->Illuminate/Database/{closure}('create table `u...', Array)
#2 C:/Users/penaj/OneDrive/Documentos/GitHub/penajaime11.github.io/carRentail/Dashboard/vendor/laravel/framework/src/Illuminate/Database/Connection.php(794): Illuminate/Database/Connection->runQueryCallback('create table `u...', Array, Object(Closure))
#3 C:/Users/penaj/OneDrive/Documentos/GitHub/penajaime11.github.io/carRentail/Dashboard/vendor/laravel/framework/src/Illuminate/Database/Connection.php(573): Illuminate/Database/Connection->run('create table `u...', Array, Object(Closure))
#4 C:/Users/penaj/OneDrive/Documentos/GitHub/penajaime11.github.io/carRentail/Dashboard/vendor/laravel/framework/src/Illuminate/Database/Schema/Blueprint.php(121): Illuminate/Database/Connection->statement('create table `u...')
#5 C:/Users/penaj/OneDrive/Documentos/GitHub/penajaime11.github.io/carRentail/Dashboard/vendor/laravel/framework/src/Illuminate/Database/Schema/Builder.php(686): Illuminate/Database/Schema/Blueprint->build()
#6 C:/Users/penaj/OneDrive/Documentos/GitHub/penajaime11.github.io/carRentail/Dashboard/vendor/laravel/framework/src/Illuminate/Database/Schema/Builder.php(506): Illuminate/Database/Schema/Builder->build(Object(Illuminate/Database/Schema/Blueprint))
#7 C:/Users/penaj/OneDrive/Documentos/GitHub/penajaime11.github.io/carRentail/Dashboard/vendor/laravel/framework/src/Illuminate/Support/Facades/Facade.php(363): Illuminate/Database/Schema/Builder->create('users', Object(Closure))
#8 C:/Users/penaj/OneDrive/Documentos/GitHub/penajaime11.github.io/carRentail/Dashboard/database/migrations/0000_02_20_192123_create_users_table.php(14): Illuminate/Support/Facades/Facade::__callStatic('create', Array)
#9 C:/Users/penaj/OneDrive/Documentos/GitHub/penajaime11.github.io/carRentail/Dashboard/vendor/laravel/framework/src/Illuminate/Database/Migrations/Migrator.php(517): Illuminate/Database/Migrations/Migration@anonymous->up()
#10 C:/Users/penaj/OneDrive/Documentos/GitHub/penajaime11.github.io/carRentail/Dashboard/vendor/laravel/framework/src/Illuminate/Database/Migrations/Migrator.php(442): Illuminate/Database/Migrations/Migrator->runMethod(Object(Illuminate/Database/MySqlConnection), Object(Illuminate/Database/Migrations/Migration@anonymous), 'up')
#11 C:/Users/penaj/OneDrive/Documentos/GitHub/penajaime11.github.io/carRentail/Dashboard/vendor/laravel/framework/src/Illuminate/Database/Migrations/Migrator.php(451): Illuminate/Database/Migrations/Migrator->Illuminate/Database/Migrations/{closure}()
#12 C:/Users/penaj/OneDrive/Documentos/GitHub/penajaime11.github.io/carRentail/Dashboard/vendor/laravel/framework/src/Illuminate/Database/Migrations/Migrator.php(253): Illuminate/Database/Migrations/Migrator->runMigration(Object(Illuminate/Database/Migrations/Migration@anonymous), 'up')
#13 C:/Users/penaj/OneDrive/Documentos/GitHub/penajaime11.github.io/carRentail/Dashboard/vendor/laravel/framework/src/Illuminate/Console/View/Components/Task.php(41): Illuminate/Database/Migrations/Migrator->Illuminate/Database/Migrations/{closure}()
#14 C:/Users/penaj/OneDrive/Documentos/GitHub/penajaime11.github.io/carRentail/Dashboard/vendor/laravel/framework/src/Illuminate/Database/Migrations/Migrator.php(814): Illuminate/Console/View/Components/Task->render('0000_02_20_1921...', Object(Closure))
#15 C:/Users/penaj/OneDrive/Documentos/GitHub/penajaime11.github.io/carRentail/Dashboard/vendor/laravel/framework/src/Illuminate/Database/Migrations/Migrator.php(253): Illuminate/Database/Migrations/Migrator->write('Illuminate//Cons...', '0000_02_20_1921...', Object(Closure))
#16 C:/Users/penaj/OneDrive/Documentos/GitHub/penajaime11.github.io/carRentail/Dashboard/vendor/laravel/framework/src/Illuminate/Database/Migrations/Migrator.php(211): Illuminate/Database/Migrations/Migrator->runUp('C://Users//penaj//...', 3, false)
#17 C:/Users/penaj/OneDrive/Documentos/GitHub/penajaime11.github.io/carRentail/Dashboard/vendor/laravel/framework/src/Illuminate/Database/Migrations/Migrator.php(138): Illuminate/Database/Migrations/Migrator->runPending(Array, Array)
#18 C:/Users/penaj/OneDrive/Documentos/GitHub/penajaime11.github.io/carRentail/Dashboard/vendor/laravel/framework/src/Illuminate/Database/Console/Migrations/MigrateCommand.php(116): Illuminate/Database/Migrations/Migrator->run(Array, Array)
#19 C:/Users/penaj/OneDrive/Documentos/GitHub/penajaime11.github.io/carRentail/Dashboard/vendor/laravel/framework/src/Illuminate/Database/Migrations/Migrator.php(671): Illuminate/Database/Console/Migrations/MigrateCommand->Illuminate/Database/Console/Migrations/{closure}()
#20 C:/Users/penaj/OneDrive/Documentos/GitHub/penajaime11.github.io/carRentail/Dashboard/vendor/laravel/framework/src/Illuminate/Database/Console/Migrations/MigrateCommand.php(109): Illuminate/Database/Migrations/Migrator->usingConnection(NULL, Object(Closure))
#21 C:/Users/penaj/OneDrive/Documentos/GitHub/penajaime11.github.io/carRentail/Dashboard/vendor/laravel/framework/src/Illuminate/Database/Console/Migrations/MigrateCommand.php(88): Illuminate/Database/Console/Migrations/MigrateCommand->runMigrations()
#22 C:/Users/penaj/OneDrive/Documentos/GitHub/penajaime11.github.io/carRentail/Dashboard/vendor/laravel/framework/src/Illuminate/Container/BoundMethod.php(36): Illuminate/Database/Console/Migrations/MigrateCommand->handle()
#23 C:/Users/penaj/OneDrive/Documentos/GitHub/penajaime11.github.io/carRentail/Dashboard/vendor/laravel/framework/src/Illuminate/Container/Util.php(43): Illuminate/Container/BoundMethod::Illuminate/Container/{closure}()
#24 C:/Users/penaj/OneDrive/Documentos/GitHub/penajaime11.github.io/carRentail/Dashboard/vendor/laravel/framework/src/Illuminate/Container/BoundMethod.php(96): Illuminate/Container/Util::unwrapIfClosure(Object(Closure))
#25 C:/Users/penaj/OneDrive/Documentos/GitHub/penajaime11.github.io/carRentail/Dashboard/vendor/laravel/framework/src/Illuminate/Container/BoundMethod.php(35): Illuminate/Container/BoundMethod::callBoundMethod(Object(Illuminate/Foundation/Application), Array, Object(Closure))
#26 C:/Users/penaj/OneDrive/Documentos/GitHub/penajaime11.github.io/carRentail/Dashboard/vendor/laravel/framework/src/Illuminate/Container/Container.php(799): Illuminate/Container/BoundMethod::call(Object(Illuminate/Foundation/Application), Array, Array, NULL)
#27 C:/Users/penaj/OneDrive/Documentos/GitHub/penajaime11.github.io/carRentail/Dashboard/vendor/laravel/framework/src/Illuminate/Console/Command.php(211): Illuminate/Container/Container->call(Array)
#28 C:/Users/penaj/OneDrive/Documentos/GitHub/penajaime11.github.io/carRentail/Dashboard/vendor/symfony/console/Command/Command.php(341): Illuminate/Console/Command->execute(Object(Symfony/Component/Console/Input/ArgvInput), Object(Illuminate/Console/OutputStyle))
#29 C:/Users/penaj/OneDrive/Documentos/GitHub/penajaime11.github.io/carRentail/Dashboard/vendor/laravel/framework/src/Illuminate/Console/Command.php(180): Symfony/Component/Console/Command/Command->run(Object(Symfony/Component/Console/Input/ArgvInput), Object(Illuminate/Console/OutputStyle))
#30 C:/Users/penaj/OneDrive/Documentos/GitHub/penajaime11.github.io/carRentail/Dashboard/vendor/symfony/console/Application.php(1117): Illuminate/Console/Command->run(Object(Symfony/Component/Console/Input/ArgvInput), Object(Symfony/Component/Console/Output/ConsoleOutput))
#31 C:/Users/penaj/OneDrive/Documentos/GitHub/penajaime11.github.io/carRentail/Dashboard/vendor/symfony/console/Application.php(356): Symfony/Component/Console/Application->doRunCommand(Object(Illuminate/Database/Console/Migrations/MigrateCommand), Object(Symfony/Component/Console/Input/ArgvInput), Object(Symfony/Component/Console/Output/ConsoleOutput))
#32 C:/Users/penaj/OneDrive/Documentos/GitHub/penajaime11.github.io/carRentail/Dashboard/vendor/symfony/console/Application.php(195): Symfony/Component/Console/Application->doRun(Object(Symfony/Component/Console/Input/ArgvInput), Object(Symfony/Component/Console/Output/ConsoleOutput))
#33 C:/Users/penaj/OneDrive/Documentos/GitHub/penajaime11.github.io/carRentail/Dashboard/vendor/laravel/framework/src/Illuminate/Foundation/Console/Kernel.php(198): Symfony/Component/Console/Application->run(Object(Symfony/Component/Console/Input/ArgvInput), Object(Symfony/Component/Console/Output/ConsoleOutput))
#34 C:/Users/penaj/OneDrive/Documentos/GitHub/penajaime11.github.io/carRentail/Dashboard/vendor/laravel/framework/src/Illuminate/Foundation/Application.php(1235): Illuminate/Foundation/Console/Kernel->handle(Object(Symfony/Component/Console/Input/ArgvInput), Object(Symfony/Component/Console/Output/ConsoleOutput))
#35 C:/Users/penaj/OneDrive/Documentos/GitHub/penajaime11.github.io/carRentail/Dashboard/artisan(16): Illuminate/Foundation/Application->handleCommand(Object(Symfony/Component/Console/Input/ArgvInput))
#36 {main}
"} 
[2026-05-11 17:44:40] local.ERROR: SQLSTATE[42S01]: Base table or view already exists: 1050 Table 'personal_access_tokens' already exists (Connection: mysql, Host: 127.0.0.1, Port: 3306, Database: car, SQL: create table `personal_access_tokens` (`id` bigint unsigned not null auto_increment primary key, `tokenable_type` varchar(255) not null, `tokenable_id` bigint unsigned not null, `name` text not null, `token` varchar(64) not null, `abilities` text null, `last_used_at` timestamp null, `expires_at` timestamp null, `created_at` timestamp null, `updated_at` timestamp null) default character set utf8mb4 collate 'utf8mb4_unicode_ci') {"exception":"[object] (Illuminate\\Database\\QueryException(code: 42S01): SQLSTATE[42S01]: Base table or view already exists: 1050 Table 'personal_access_tokens' already exists (Connection: mysql, Host: 127.0.0.1, Port: 3306, Database: car, SQL: create table `personal_access_tokens` (`id` bigint unsigned not null auto_increment primary key, `tokenable_type` varchar(255) not null, `tokenable_id` bigint unsigned not null, `name` text not null, `token` varchar(64) not null, `abilities` text null, `last_used_at` timestamp null, `expires_at` timestamp null, `created_at` timestamp null, `updated_at` timestamp null) default character set utf8mb4 collate 'utf8mb4_unicode_ci') at C:/Users/penaj/OneDrive/Documentos/GitHub/penajaime11.github.io/carRentail/Dashboard/vendor/laravel/framework/src/Illuminate/Database/Connection.php:838)
[stacktrace]
#0 C:/Users/penaj/OneDrive/Documentos/GitHub/penajaime11.github.io/carRentail/Dashboard/vendor/laravel/framework/src/Illuminate/Database/Connection.php(794): Illuminate/Database/Connection->runQueryCallback('create table `p...', Array, Object(Closure))
#1 C:/Users/penaj/OneDrive/Documentos/GitHub/penajaime11.github.io/carRentail/Dashboard/vendor/laravel/framework/src/Illuminate/Database/Connection.php(573): Illuminate/Database/Connection->run('create table `p...', Array, Object(Closure))
#2 C:/Users/penaj/OneDrive/Documentos/GitHub/penajaime11.github.io/carRentail/Dashboard/vendor/laravel/framework/src/Illuminate/Database/Schema/Blueprint.php(121): Illuminate/Database/Connection->statement('create table `p...')
#3 C:/Users/penaj/OneDrive/Documentos/GitHub/penajaime11.github.io/carRentail/Dashboard/vendor/laravel/framework/src/Illuminate/Database/Schema/Builder.php(686): Illuminate/Database/Schema/Blueprint->build()
#4 C:/Users/penaj/OneDrive/Documentos/GitHub/penajaime11.github.io/carRentail/Dashboard/vendor/laravel/framework/src/Illuminate/Database/Schema/Builder.php(506): Illuminate/Database/Schema/Builder->build(Object(Illuminate/Database/Schema/Blueprint))
#5 C:/Users/penaj/OneDrive/Documentos/GitHub/penajaime11.github.io/carRentail/Dashboard/vendor/laravel/framework/src/Illuminate/Support/Facades/Facade.php(363): Illuminate/Database/Schema/Builder->create('personal_access...', Object(Closure))
#6 C:/Users/penaj/OneDrive/Documentos/GitHub/penajaime11.github.io/carRentail/Dashboard/database/migrations/2026_04_13_173106_create_personal_access_tokens_table.php(14): Illuminate/Support/Facades/Facade::__callStatic('create', Array)
#7 C:/Users/penaj/OneDrive/Documentos/GitHub/penajaime11.github.io/carRentail/Dashboard/vendor/laravel/framework/src/Illuminate/Database/Migrations/Migrator.php(517): Illuminate/Database/Migrations/Migration@anonymous->up()
#8 C:/Users/penaj/OneDrive/Documentos/GitHub/penajaime11.github.io/carRentail/Dashboard/vendor/laravel/framework/src/Illuminate/Database/Migrations/Migrator.php(442): Illuminate/Database/Migrations/Migrator->runMethod(Object(Illuminate/Database/MySqlConnection), Object(Illuminate/Database/Migrations/Migration@anonymous), 'up')
#9 C:/Users/penaj/OneDrive/Documentos/GitHub/penajaime11.github.io/carRentail/Dashboard/vendor/laravel/framework/src/Illuminate/Database/Migrations/Migrator.php(451): Illuminate/Database/Migrations/Migrator->Illuminate/Database/Migrations/{closure}()
#10 C:/Users/penaj/OneDrive/Documentos/GitHub/penajaime11.github.io/carRentail/Dashboard/vendor/laravel/framework/src/Illuminate/Database/Migrations/Migrator.php(253): Illuminate/Database/Migrations/Migrator->runMigration(Object(Illuminate/Database/Migrations/Migration@anonymous), 'up')
#11 C:/Users/penaj/OneDrive/Documentos/GitHub/penajaime11.github.io/carRentail/Dashboard/vendor/laravel/framework/src/Illuminate/Console/View/Components/Task.php(41): Illuminate/Database/Migrations/Migrator->Illuminate/Database/Migrations/{closure}()
#12 C:/Users/penaj/OneDrive/Documentos/GitHub/penajaime11.github.io/carRentail/Dashboard/vendor/laravel/framework/src/Illuminate/Database/Migrations/Migrator.php(814): Illuminate/Console/View/Components/Task->render('2026_04_13_1731...', Object(Closure))
#13 C:/Users/penaj/OneDrive/Documentos/GitHub/penajaime11.github.io/carRentail/Dashboard/vendor/laravel/framework/src/Illuminate/Database/Migrations/Migrator.php(253): Illuminate/Database/Migrations/Migrator->write('Illuminate//Cons...', '2026_04_13_1731...', Object(Closure))
#14 C:/Users/penaj/OneDrive/Documentos/GitHub/penajaime11.github.io/carRentail/Dashboard/vendor/laravel/framework/src/Illuminate/Database/Migrations/Migrator.php(211): Illuminate/Database/Migrations/Migrator->runUp('C://Users//penaj//...', 2, false)
#15 C:/Users/penaj/OneDrive/Documentos/GitHub/penajaime11.github.io/carRentail/Dashboard/vendor/laravel/framework/src/Illuminate/Database/Migrations/Migrator.php(138): Illuminate/Database/Migrations/Migrator->runPending(Array, Array)
#16 C:/Users/penaj/OneDrive/Documentos/GitHub/penajaime11.github.io/carRentail/Dashboard/vendor/laravel/framework/src/Illuminate/Database/Console/Migrations/MigrateCommand.php(116): Illuminate/Database/Migrations/Migrator->run(Array, Array)
#17 C:/Users/penaj/OneDrive/Documentos/GitHub/penajaime11.github.io/carRentail/Dashboard/vendor/laravel/framework/src/Illuminate/Database/Migrations/Migrator.php(671): Illuminate/Database/Console/Migrations/MigrateCommand->Illuminate/Database/Console/Migrations/{closure}()
#18 C:/Users/penaj/OneDrive/Documentos/GitHub/penajaime11.github.io/carRentail/Dashboard/vendor/laravel/framework/src/Illuminate/Database/Console/Migrations/MigrateCommand.php(109): Illuminate/Database/Migrations/Migrator->usingConnection(NULL, Object(Closure))
#19 C:/Users/penaj/OneDrive/Documentos/GitHub/penajaime11.github.io/carRentail/Dashboard/vendor/laravel/framework/src/Illuminate/Database/Console/Migrations/MigrateCommand.php(88): Illuminate/Database/Console/Migrations/MigrateCommand->runMigrations()
#20 C:/Users/penaj/OneDrive/Documentos/GitHub/penajaime11.github.io/carRentail/Dashboard/vendor/laravel/framework/src/Illuminate/Container/BoundMethod.php(36): Illuminate/Database/Console/Migrations/MigrateCommand->handle()
#21 C:/Users/penaj/OneDrive/Documentos/GitHub/penajaime11.github.io/carRentail/Dashboard/vendor/laravel/framework/src/Illuminate/Container/Util.php(43): Illuminate/Container/BoundMethod::Illuminate/Container/{closure}()
#22 C:/Users/penaj/OneDrive/Documentos/GitHub/penajaime11.github.io/carRentail/Dashboard/vendor/laravel/framework/src/Illuminate/Container/BoundMethod.php(96): Illuminate/Container/Util::unwrapIfClosure(Object(Closure))
#23 C:/Users/penaj/OneDrive/Documentos/GitHub/penajaime11.github.io/carRentail/Dashboard/vendor/laravel/framework/src/Illuminate/Container/BoundMethod.php(35): Illuminate/Container/BoundMethod::callBoundMethod(Object(Illuminate/Foundation/Application), Array, Object(Closure))
#24 C:/Users/penaj/OneDrive/Documentos/GitHub/penajaime11.github.io/carRentail/Dashboard/vendor/laravel/framework/src/Illuminate/Container/Container.php(799): Illuminate/Container/BoundMethod::call(Object(Illuminate/Foundation/Application), Array, Array, NULL)
#25 C:/Users/penaj/OneDrive/Documentos/GitHub/penajaime11.github.io/carRentail/Dashboard/vendor/laravel/framework/src/Illuminate/Console/Command.php(211): Illuminate/Container/Container->call(Array)
#26 C:/Users/penaj/OneDrive/Documentos/GitHub/penajaime11.github.io/carRentail/Dashboard/vendor/symfony/console/Command/Command.php(341): Illuminate/Console/Command->execute(Object(Symfony/Component/Console/Input/ArgvInput), Object(Illuminate/Console/OutputStyle))
#27 C:/Users/penaj/OneDrive/Documentos/GitHub/penajaime11.github.io/carRentail/Dashboard/vendor/laravel/framework/src/Illuminate/Console/Command.php(180): Symfony/Component/Console/Command/Command->run(Object(Symfony/Component/Console/Input/ArgvInput), Object(Illuminate/Console/OutputStyle))
#28 C:/Users/penaj/OneDrive/Documentos/GitHub/penajaime11.github.io/carRentail/Dashboard/vendor/symfony/console/Application.php(1117): Illuminate/Console/Command->run(Object(Symfony/Component/Console/Input/ArgvInput), Object(Symfony/Component/Console/Output/ConsoleOutput))
#29 C:/Users/penaj/OneDrive/Documentos/GitHub/penajaime11.github.io/carRentail/Dashboard/vendor/symfony/console/Application.php(356): Symfony/Component/Console/Application->doRunCommand(Object(Illuminate/Database/Console/Migrations/MigrateCommand), Object(Symfony/Component/Console/Input/ArgvInput), Object(Symfony/Component/Console/Output/ConsoleOutput))
#30 C:/Users/penaj/OneDrive/Documentos/GitHub/penajaime11.github.io/carRentail/Dashboard/vendor/symfony/console/Application.php(195): Symfony/Component/Console/Application->doRun(Object(Symfony/Component/Console/Input/ArgvInput), Object(Symfony/Component/Console/Output/ConsoleOutput))
#31 C:/Users/penaj/OneDrive/Documentos/GitHub/penajaime11.github.io/carRentail/Dashboard/vendor/laravel/framework/src/Illuminate/Foundation/Console/Kernel.php(198): Symfony/Component/Console/Application->run(Object(Symfony/Component/Console/Input/ArgvInput), Object(Symfony/Component/Console/Output/ConsoleOutput))
#32 C:/Users/penaj/OneDrive/Documentos/GitHub/penajaime11.github.io/carRentail/Dashboard/vendor/laravel/framework/src/Illuminate/Foundation/Application.php(1235): Illuminate/Foundation/Console/Kernel->handle(Object(Symfony/Component/Console/Input/ArgvInput), Object(Symfony/Component/Console/Output/ConsoleOutput))
#33 C:/Users/penaj/OneDrive/Documentos/GitHub/penajaime11.github.io/carRentail/Dashboard/artisan(16): Illuminate/Foundation/Application->handleCommand(Object(Symfony/Component/Console/Input/ArgvInput))
#34 {main}

[previous exception] [object] (PDOException(code: 42S01): SQLSTATE[42S01]: Base table or view already exists: 1050 Table 'personal_access_tokens' already exists at C:/Users/penaj/OneDrive/Documentos/GitHub/penajaime11.github.io/carRentail/Dashboard/vendor/laravel/framework/src/Illuminate/Database/Connection.php:584)
[stacktrace]
#0 C:/Users/penaj/OneDrive/Documentos/GitHub/penajaime11.github.io/carRentail/Dashboard/vendor/laravel/framework/src/Illuminate/Database/Connection.php(584): PDOStatement->execute()
#1 C:/Users/penaj/OneDrive/Documentos/GitHub/penajaime11.github.io/carRentail/Dashboard/vendor/laravel/framework/src/Illuminate/Database/Connection.php(827): Illuminate/Database/Connection->Illuminate/Database/{closure}('create table `p...', Array)
#2 C:/Users/penaj/OneDrive/Documentos/GitHub/penajaime11.github.io/carRentail/Dashboard/vendor/laravel/framework/src/Illuminate/Database/Connection.php(794): Illuminate/Database/Connection->runQueryCallback('create table `p...', Array, Object(Closure))
#3 C:/Users/penaj/OneDrive/Documentos/GitHub/penajaime11.github.io/carRentail/Dashboard/vendor/laravel/framework/src/Illuminate/Database/Connection.php(573): Illuminate/Database/Connection->run('create table `p...', Array, Object(Closure))
#4 C:/Users/penaj/OneDrive/Documentos/GitHub/penajaime11.github.io/carRentail/Dashboard/vendor/laravel/framework/src/Illuminate/Database/Schema/Blueprint.php(121): Illuminate/Database/Connection->statement('create table `p...')
#5 C:/Users/penaj/OneDrive/Documentos/GitHub/penajaime11.github.io/carRentail/Dashboard/vendor/laravel/framework/src/Illuminate/Database/Schema/Builder.php(686): Illuminate/Database/Schema/Blueprint->build()
#6 C:/Users/penaj/OneDrive/Documentos/GitHub/penajaime11.github.io/carRentail/Dashboard/vendor/laravel/framework/src/Illuminate/Database/Schema/Builder.php(506): Illuminate/Database/Schema/Builder->build(Object(Illuminate/Database/Schema/Blueprint))
#7 C:/Users/penaj/OneDrive/Documentos/GitHub/penajaime11.github.io/carRentail/Dashboard/vendor/laravel/framework/src/Illuminate/Support/Facades/Facade.php(363): Illuminate/Database/Schema/Builder->create('personal_access...', Object(Closure))
#8 C:/Users/penaj/OneDrive/Documentos/GitHub/penajaime11.github.io/carRentail/Dashboard/database/migrations/2026_04_13_173106_create_personal_access_tokens_table.php(14): Illuminate/Support/Facades/Facade::__callStatic('create', Array)
#9 C:/Users/penaj/OneDrive/Documentos/GitHub/penajaime11.github.io/carRentail/Dashboard/vendor/laravel/framework/src/Illuminate/Database/Migrations/Migrator.php(517): Illuminate/Database/Migrations/Migration@anonymous->up()
#10 C:/Users/penaj/OneDrive/Documentos/GitHub/penajaime11.github.io/carRentail/Dashboard/vendor/laravel/framework/src/Illuminate/Database/Migrations/Migrator.php(442): Illuminate/Database/Migrations/Migrator->runMethod(Object(Illuminate/Database/MySqlConnection), Object(Illuminate/Database/Migrations/Migration@anonymous), 'up')
#11 C:/Users/penaj/OneDrive/Documentos/GitHub/penajaime11.github.io/carRentail/Dashboard/vendor/laravel/framework/src/Illuminate/Database/Migrations/Migrator.php(451): Illuminate/Database/Migrations/Migrator->Illuminate/Database/Migrations/{closure}()
#12 C:/Users/penaj/OneDrive/Documentos/GitHub/penajaime11.github.io/carRentail/Dashboard/vendor/laravel/framework/src/Illuminate/Database/Migrations/Migrator.php(253): Illuminate/Database/Migrations/Migrator->runMigration(Object(Illuminate/Database/Migrations/Migration@anonymous), 'up')
#13 C:/Users/penaj/OneDrive/Documentos/GitHub/penajaime11.github.io/carRentail/Dashboard/vendor/laravel/framework/src/Illuminate/Console/View/Components/Task.php(41): Illuminate/Database/Migrations/Migrator->Illuminate/Database/Migrations/{closure}()
#14 C:/Users/penaj/OneDrive/Documentos/GitHub/penajaime11.github.io/carRentail/Dashboard/vendor/laravel/framework/src/Illuminate/Database/Migrations/Migrator.php(814): Illuminate/Console/View/Components/Task->render('2026_04_13_1731...', Object(Closure))
#15 C:/Users/penaj/OneDrive/Documentos/GitHub/penajaime11.github.io/carRentail/Dashboard/vendor/laravel/framework/src/Illuminate/Database/Migrations/Migrator.php(253): Illuminate/Database/Migrations/Migrator->write('Illuminate//Cons...', '2026_04_13_1731...', Object(Closure))
#16 C:/Users/penaj/OneDrive/Documentos/GitHub/penajaime11.github.io/carRentail/Dashboard/vendor/laravel/framework/src/Illuminate/Database/Migrations/Migrator.php(211): Illuminate/Database/Migrations/Migrator->runUp('C://Users//penaj//...', 2, false)
#17 C:/Users/penaj/OneDrive/Documentos/GitHub/penajaime11.github.io/carRentail/Dashboard/vendor/laravel/framework/src/Illuminate/Database/Migrations/Migrator.php(138): Illuminate/Database/Migrations/Migrator->runPending(Array, Array)
#18 C:/Users/penaj/OneDrive/Documentos/GitHub/penajaime11.github.io/carRentail/Dashboard/vendor/laravel/framework/src/Illuminate/Database/Console/Migrations/MigrateCommand.php(116): Illuminate/Database/Migrations/Migrator->run(Array, Array)
#19 C:/Users/penaj/OneDrive/Documentos/GitHub/penajaime11.github.io/carRentail/Dashboard/vendor/laravel/framework/src/Illuminate/Database/Migrations/Migrator.php(671): Illuminate/Database/Console/Migrations/MigrateCommand->Illuminate/Database/Console/Migrations/{closure}()
#20 C:/Users/penaj/OneDrive/Documentos/GitHub/penajaime11.github.io/carRentail/Dashboard/vendor/laravel/framework/src/Illuminate/Database/Console/Migrations/MigrateCommand.php(109): Illuminate/Database/Migrations/Migrator->usingConnection(NULL, Object(Closure))
#21 C:/Users/penaj/OneDrive/Documentos/GitHub/penajaime11.github.io/carRentail/Dashboard/vendor/laravel/framework/src/Illuminate/Database/Console/Migrations/MigrateCommand.php(88): Illuminate/Database/Console/Migrations/MigrateCommand->runMigrations()
#22 C:/Users/penaj/OneDrive/Documentos/GitHub/penajaime11.github.io/carRentail/Dashboard/vendor/laravel/framework/src/Illuminate/Container/BoundMethod.php(36): Illuminate/Database/Console/Migrations/MigrateCommand->handle()
#23 C:/Users/penaj/OneDrive/Documentos/GitHub/penajaime11.github.io/carRentail/Dashboard/vendor/laravel/framework/src/Illuminate/Container/Util.php(43): Illuminate/Container/BoundMethod::Illuminate/Container/{closure}()
#24 C:/Users/penaj/OneDrive/Documentos/GitHub/penajaime11.github.io/carRentail/Dashboard/vendor/laravel/framework/src/Illuminate/Container/BoundMethod.php(96): Illuminate/Container/Util::unwrapIfClosure(Object(Closure))
#25 C:/Users/penaj/OneDrive/Documentos/GitHub/penajaime11.github.io/carRentail/Dashboard/vendor/laravel/framework/src/Illuminate/Container/BoundMethod.php(35): Illuminate/Container/BoundMethod::callBoundMethod(Object(Illuminate/Foundation/Application), Array, Object(Closure))
#26 C:/Users/penaj/OneDrive/Documentos/GitHub/penajaime11.github.io/carRentail/Dashboard/vendor/laravel/framework/src/Illuminate/Container/Container.php(799): Illuminate/Container/BoundMethod::call(Object(Illuminate/Foundation/Application), Array, Array, NULL)
#27 C:/Users/penaj/OneDrive/Documentos/GitHub/penajaime11.github.io/carRentail/Dashboard/vendor/laravel/framework/src/Illuminate/Console/Command.php(211): Illuminate/Container/Container->call(Array)
#28 C:/Users/penaj/OneDrive/Documentos/GitHub/penajaime11.github.io/carRentail/Dashboard/vendor/symfony/console/Command/Command.php(341): Illuminate/Console/Command->execute(Object(Symfony/Component/Console/Input/ArgvInput), Object(Illuminate/Console/OutputStyle))
#29 C:/Users/penaj/OneDrive/Documentos/GitHub/penajaime11.github.io/carRentail/Dashboard/vendor/laravel/framework/src/Illuminate/Console/Command.php(180): Symfony/Component/Console/Command/Command->run(Object(Symfony/Component/Console/Input/ArgvInput), Object(Illuminate/Console/OutputStyle))
#30 C:/Users/penaj/OneDrive/Documentos/GitHub/penajaime11.github.io/carRentail/Dashboard/vendor/symfony/console/Application.php(1117): Illuminate/Console/Command->run(Object(Symfony/Component/Console/Input/ArgvInput), Object(Symfony/Component/Console/Output/ConsoleOutput))
#31 C:/Users/penaj/OneDrive/Documentos/GitHub/penajaime11.github.io/carRentail/Dashboard/vendor/symfony/console/Application.php(356): Symfony/Component/Console/Application->doRunCommand(Object(Illuminate/Database/Console/Migrations/MigrateCommand), Object(Symfony/Component/Console/Input/ArgvInput), Object(Symfony/Component/Console/Output/ConsoleOutput))
#32 C:/Users/penaj/OneDrive/Documentos/GitHub/penajaime11.github.io/carRentail/Dashboard/vendor/symfony/console/Application.php(195): Symfony/Component/Console/Application->doRun(Object(Symfony/Component/Console/Input/ArgvInput), Object(Symfony/Component/Console/Output/ConsoleOutput))
#33 C:/Users/penaj/OneDrive/Documentos/GitHub/penajaime11.github.io/carRentail/Dashboard/vendor/laravel/framework/src/Illuminate/Foundation/Console/Kernel.php(198): Symfony/Component/Console/Application->run(Object(Symfony/Component/Console/Input/ArgvInput), Object(Symfony/Component/Console/Output/ConsoleOutput))
#34 C:/Users/penaj/OneDrive/Documentos/GitHub/penajaime11.github.io/carRentail/Dashboard/vendor/laravel/framework/src/Illuminate/Foundation/Application.php(1235): Illuminate/Foundation/Console/Kernel->handle(Object(Symfony/Component/Console/Input/ArgvInput), Object(Symfony/Component/Console/Output/ConsoleOutput))
#35 C:/Users/penaj/OneDrive/Documentos/GitHub/penajaime11.github.io/carRentail/Dashboard/artisan(16): Illuminate/Foundation/Application->handleCommand(Object(Symfony/Component/Console/Input/ArgvInput))
#36 {main}
"} 
[2026-05-11 17:46:40] local.ERROR: Please provide a valid cache path. {"exception":"[object] (InvalidArgumentException(code: 0): Please provide a valid cache path. at C:/Users/penaj/OneDrive/Documentos/GitHub/penajaime11.github.io/carRentail/Dashboard/vendor/laravel/framework/src/Illuminate/View/Compilers/Compiler.php:75)
[stacktrace]
#0 C:/Users/penaj/OneDrive/Documentos/GitHub/penajaime11.github.io/carRentail/Dashboard/vendor/laravel/framework/src/Illuminate/View/ViewServiceProvider.php(97): Illuminate/View/Compilers/Compiler->__construct(Object(Illuminate/Filesystem/Filesystem), false, '', true, 'php', true)
#1 C:/Users/penaj/OneDrive/Documentos/GitHub/penajaime11.github.io/carRentail/Dashboard/vendor/laravel/framework/src/Illuminate/Container/Container.php(1115): Illuminate/View/ViewServiceProvider->Illuminate/View/{closure}(Object(Illuminate/Foundation/Application), Array)
#2 C:/Users/penaj/OneDrive/Documentos/GitHub/penajaime11.github.io/carRentail/Dashboard/vendor/laravel/framework/src/Illuminate/Container/Container.php(933): Illuminate/Container/Container->build(Object(Closure))
#3 C:/Users/penaj/OneDrive/Documentos/GitHub/penajaime11.github.io/carRentail/Dashboard/vendor/laravel/framework/src/Illuminate/Foundation/Application.php(1078): Illuminate/Container/Container->resolve('blade.compiler', Array, true)
#4 C:/Users/penaj/OneDrive/Documentos/GitHub/penajaime11.github.io/carRentail/Dashboard/vendor/laravel/framework/src/Illuminate/Container/Container.php(864): Illuminate/Foundation/Application->resolve('blade.compiler', Array)
#5 C:/Users/penaj/OneDrive/Documentos/GitHub/penajaime11.github.io/carRentail/Dashboard/vendor/laravel/framework/src/Illuminate/Foundation/Application.php(1058): Illuminate/Container/Container->make('blade.compiler', Array)
#6 C:/Users/penaj/OneDrive/Documentos/GitHub/penajaime11.github.io/carRentail/Dashboard/vendor/laravel/framework/src/Illuminate/View/ViewServiceProvider.php(169): Illuminate/Foundation/Application->make('blade.compiler')
#7 [internal function]: Illuminate/View/ViewServiceProvider->Illuminate/View/{closure}()
#8 C:/Users/penaj/OneDrive/Documentos/GitHub/penajaime11.github.io/carRentail/Dashboard/vendor/laravel/framework/src/Illuminate/View/Engines/EngineResolver.php(55): call_user_func(Object(Closure))
#9 C:/Users/penaj/OneDrive/Documentos/GitHub/penajaime11.github.io/carRentail/Dashboard/vendor/laravel/framework/src/Illuminate/View/Factory.php(325): Illuminate/View/Engines/EngineResolver->resolve('blade')
#10 C:/Users/penaj/OneDrive/Documentos/GitHub/penajaime11.github.io/carRentail/Dashboard/vendor/laravel/framework/src/Illuminate/View/Factory.php(287): Illuminate/View/Factory->getEngineFromPath('C://Users//penaj//...')
#11 C:/Users/penaj/OneDrive/Documentos/GitHub/penajaime11.github.io/carRentail/Dashboard/vendor/laravel/framework/src/Illuminate/View/Factory.php(159): Illuminate/View/Factory->viewInstance('welcome', 'C://Users//penaj//...', Array)
#12 C:/Users/penaj/OneDrive/Documentos/GitHub/penajaime11.github.io/carRentail/Dashboard/vendor/laravel/framework/src/Illuminate/Foundation/helpers.php(1100): Illuminate/View/Factory->make('welcome', Array, Array)
#13 C:/Users/penaj/OneDrive/Documentos/GitHub/penajaime11.github.io/carRentail/Dashboard/routes/web.php(6): view('welcome')
#14 C:/Users/penaj/OneDrive/Documentos/GitHub/penajaime11.github.io/carRentail/Dashboard/vendor/laravel/framework/src/Illuminate/Routing/CallableDispatcher.php(39): Illuminate/Routing/RouteFileRegistrar->{closure}()
#15 C:/Users/penaj/OneDrive/Documentos/GitHub/penajaime11.github.io/carRentail/Dashboard/vendor/laravel/framework/src/Illuminate/Routing/Route.php(243): Illuminate/Routing/CallableDispatcher->dispatch(Object(Illuminate/Routing/Route), Object(Closure))
#16 C:/Users/penaj/OneDrive/Documentos/GitHub/penajaime11.github.io/carRentail/Dashboard/vendor/laravel/framework/src/Illuminate/Routing/Route.php(214): Illuminate/Routing/Route->runCallable()
#17 C:/Users/penaj/OneDrive/Documentos/GitHub/penajaime11.github.io/carRentail/Dashboard/vendor/laravel/framework/src/Illuminate/Routing/Router.php(822): Illuminate/Routing/Route->run()
#18 C:/Users/penaj/OneDrive/Documentos/GitHub/penajaime11.github.io/carRentail/Dashboard/vendor/laravel/framework/src/Illuminate/Pipeline/Pipeline.php(180): Illuminate/Routing/Router->Illuminate/Routing/{closure}(Object(Illuminate/Http/Request))
#19 C:/Users/penaj/OneDrive/Documentos/GitHub/penajaime11.github.io/carRentail/Dashboard/vendor/laravel/framework/src/Illuminate/Routing/Middleware/SubstituteBindings.php(50): Illuminate/Pipeline/Pipeline->Illuminate/Pipeline/{closure}(Object(Illuminate/Http/Request))
#20 C:/Users/penaj/OneDrive/Documentos/GitHub/penajaime11.github.io/carRentail/Dashboard/vendor/laravel/framework/src/Illuminate/Pipeline/Pipeline.php(219): Illuminate/Routing/Middleware/SubstituteBindings->handle(Object(Illuminate/Http/Request), Object(Closure))
#21 C:/Users/penaj/OneDrive/Documentos/GitHub/penajaime11.github.io/carRentail/Dashboard/vendor/laravel/framework/src/Illuminate/Foundation/Http/Middleware/VerifyCsrfToken.php(87): Illuminate/Pipeline/Pipeline->Illuminate/Pipeline/{closure}(Object(Illuminate/Http/Request))
#22 C:/Users/penaj/OneDrive/Documentos/GitHub/penajaime11.github.io/carRentail/Dashboard/vendor/laravel/framework/src/Illuminate/Pipeline/Pipeline.php(219): Illuminate/Foundation/Http/Middleware/VerifyCsrfToken->handle(Object(Illuminate/Http/Request), Object(Closure))
#23 C:/Users/penaj/OneDrive/Documentos/GitHub/penajaime11.github.io/carRentail/Dashboard/vendor/laravel/framework/src/Illuminate/View/Middleware/ShareErrorsFromSession.php(48): Illuminate/Pipeline/Pipeline->Illuminate/Pipeline/{closure}(Object(Illuminate/Http/Request))
#24 C:/Users/penaj/OneDrive/Documentos/GitHub/penajaime11.github.io/carRentail/Dashboard/vendor/laravel/framework/src/Illuminate/Pipeline/Pipeline.php(219): Illuminate/View/Middleware/ShareErrorsFromSession->handle(Object(Illuminate/Http/Request), Object(Closure))
#25 C:/Users/penaj/OneDrive/Documentos/GitHub/penajaime11.github.io/carRentail/Dashboard/vendor/laravel/framework/src/Illuminate/Session/Middleware/StartSession.php(120): Illuminate/Pipeline/Pipeline->Illuminate/Pipeline/{closure}(Object(Illuminate/Http/Request))
#26 C:/Users/penaj/OneDrive/Documentos/GitHub/penajaime11.github.io/carRentail/Dashboard/vendor/laravel/framework/src/Illuminate/Session/Middleware/StartSession.php(63): Illuminate/Session/Middleware/StartSession->handleStatefulRequest(Object(Illuminate/Http/Request), Object(Illuminate/Session/Store), Object(Closure))
#27 C:/Users/penaj/OneDrive/Documentos/GitHub/penajaime11.github.io/carRentail/Dashboard/vendor/laravel/framework/src/Illuminate/Pipeline/Pipeline.php(219): Illuminate/Session/Middleware/StartSession->handle(Object(Illuminate/Http/Request), Object(Closure))
#28 C:/Users/penaj/OneDrive/Documentos/GitHub/penajaime11.github.io/carRentail/Dashboard/vendor/laravel/framework/src/Illuminate/Cookie/Middleware/AddQueuedCookiesToResponse.php(36): Illuminate/Pipeline/Pipeline->Illuminate/Pipeline/{closure}(Object(Illuminate/Http/Request))
#29 C:/Users/penaj/OneDrive/Documentos/GitHub/penajaime11.github.io/carRentail/Dashboard/vendor/laravel/framework/src/Illuminate/Pipeline/Pipeline.php(219): Illuminate/Cookie/Middleware/AddQueuedCookiesToResponse->handle(Object(Illuminate/Http/Request), Object(Closure))
#30 C:/Users/penaj/OneDrive/Documentos/GitHub/penajaime11.github.io/carRentail/Dashboard/vendor/laravel/framework/src/Illuminate/Cookie/Middleware/EncryptCookies.php(74): Illuminate/Pipeline/Pipeline->Illuminate/Pipeline/{closure}(Object(Illuminate/Http/Request))
#31 C:/Users/penaj/OneDrive/Documentos/GitHub/penajaime11.github.io/carRentail/Dashboard/vendor/laravel/framework/src/Illuminate/Pipeline/Pipeline.php(219): Illuminate/Cookie/Middleware/EncryptCookies->handle(Object(Illuminate/Http/Request), Object(Closure))
#32 C:/Users/penaj/OneDrive/Documentos/GitHub/penajaime11.github.io/carRentail/Dashboard/vendor/laravel/framework/src/Illuminate/Pipeline/Pipeline.php(137): Illuminate/Pipeline/Pipeline->Illuminate/Pipeline/{closure}(Object(Illuminate/Http/Request))
#33 C:/Users/penaj/OneDrive/Documentos/GitHub/penajaime11.github.io/carRentail/Dashboard/vendor/laravel/framework/src/Illuminate/Routing/Router.php(821): Illuminate/Pipeline/Pipeline->then(Object(Closure))
#34 C:/Users/penaj/OneDrive/Documentos/GitHub/penajaime11.github.io/carRentail/Dashboard/vendor/laravel/framework/src/Illuminate/Routing/Router.php(800): Illuminate/Routing/Router->runRouteWithinStack(Object(Illuminate/Routing/Route), Object(Illuminate/Http/Request))
#35 C:/Users/penaj/OneDrive/Documentos/GitHub/penajaime11.github.io/carRentail/Dashboard/vendor/laravel/framework/src/Illuminate/Routing/Router.php(764): Illuminate/Routing/Router->runRoute(Object(Illuminate/Http/Request), Object(Illuminate/Routing/Route))
#36 C:/Users/penaj/OneDrive/Documentos/GitHub/penajaime11.github.io/carRentail/Dashboard/vendor/laravel/framework/src/Illuminate/Routing/Router.php(753): Illuminate/Routing/Router->dispatchToRoute(Object(Illuminate/Http/Request))
#37 C:/Users/penaj/OneDrive/Documentos/GitHub/penajaime11.github.io/carRentail/Dashboard/vendor/laravel/framework/src/Illuminate/Foundation/Http/Kernel.php(200): Illuminate/Routing/Router->dispatch(Object(Illuminate/Http/Request))
#38 C:/Users/penaj/OneDrive/Documentos/GitHub/penajaime11.github.io/carRentail/Dashboard/vendor/laravel/framework/src/Illuminate/Pipeline/Pipeline.php(180): Illuminate/Foundation/Http/Kernel->Illuminate/Foundation/Http/{closure}(Object(Illuminate/Http/Request))
#39 C:/Users/penaj/OneDrive/Documentos/GitHub/penajaime11.github.io/carRentail/Dashboard/vendor/laravel/framework/src/Illuminate/Foundation/Http/Middleware/TransformsRequest.php(21): Illuminate/Pipeline/Pipeline->Illuminate/Pipeline/{closure}(Object(Illuminate/Http/Request))
#40 C:/Users/penaj/OneDrive/Documentos/GitHub/penajaime11.github.io/carRentail/Dashboard/vendor/laravel/framework/src/Illuminate/Foundation/Http/Middleware/ConvertEmptyStringsToNull.php(31): Illuminate/Foundation/Http/Middleware/TransformsRequest->handle(Object(Illuminate/Http/Request), Object(Closure))
#41 C:/Users/penaj/OneDrive/Documentos/GitHub/penajaime11.github.io/carRentail/Dashboard/vendor/laravel/framework/src/Illuminate/Pipeline/Pipeline.php(219): Illuminate/Foundation/Http/Middleware/ConvertEmptyStringsToNull->handle(Object(Illuminate/Http/Request), Object(Closure))
#42 C:/Users/penaj/OneDrive/Documentos/GitHub/penajaime11.github.io/carRentail/Dashboard/vendor/laravel/framework/src/Illuminate/Foundation/Http/Middleware/TransformsRequest.php(21): Illuminate/Pipeline/Pipeline->Illuminate/Pipeline/{closure}(Object(Illuminate/Http/Request))
#43 C:/Users/penaj/OneDrive/Documentos/GitHub/penajaime11.github.io/carRentail/Dashboard/vendor/laravel/framework/src/Illuminate/Foundation/Http/Middleware/TrimStrings.php(51): Illuminate/Foundation/Http/Middleware/TransformsRequest->handle(Object(Illuminate/Http/Request), Object(Closure))
#44 C:/Users/penaj/OneDrive/Documentos/GitHub/penajaime11.github.io/carRentail/Dashboard/vendor/laravel/framework/src/Illuminate/Pipeline/Pipeline.php(219): Illuminate/Foundation/Http/Middleware/TrimStrings->handle(Object(Illuminate/Http/Request), Object(Closure))
#45 C:/Users/penaj/OneDrive/Documentos/GitHub/penajaime11.github.io/carRentail/Dashboard/vendor/laravel/framework/src/Illuminate/Http/Middleware/ValidatePostSize.php(27): Illuminate/Pipeline/Pipeline->Illuminate/Pipeline/{closure}(Object(Illuminate/Http/Request))
#46 C:/Users/penaj/OneDrive/Documentos/GitHub/penajaime11.github.io/carRentail/Dashboard/vendor/laravel/framework/src/Illuminate/Pipeline/Pipeline.php(219): Illuminate/Http/Middleware/ValidatePostSize->handle(Object(Illuminate/Http/Request), Object(Closure))
#47 C:/Users/penaj/OneDrive/Documentos/GitHub/penajaime11.github.io/carRentail/Dashboard/vendor/laravel/framework/src/Illuminate/Foundation/Http/Middleware/PreventRequestsDuringMaintenance.php(109): Illuminate/Pipeline/Pipeline->Illuminate/Pipeline/{closure}(Object(Illuminate/Http/Request))
#48 C:/Users/penaj/OneDrive/Documentos/GitHub/penajaime11.github.io/carRentail/Dashboard/vendor/laravel/framework/src/Illuminate/Pipeline/Pipeline.php(219): Illuminate/Foundation/Http/Middleware/PreventRequestsDuringMaintenance->handle(Object(Illuminate/Http/Request), Object(Closure))
#49 C:/Users/penaj/OneDrive/Documentos/GitHub/penajaime11.github.io/carRentail/Dashboard/vendor/laravel/framework/src/Illuminate/Http/Middleware/HandleCors.php(61): Illuminate/Pipeline/Pipeline->Illuminate/Pipeline/{closure}(Object(Illuminate/Http/Request))
#50 C:/Users/penaj/OneDrive/Documentos/GitHub/penajaime11.github.io/carRentail/Dashboard/vendor/laravel/framework/src/Illuminate/Pipeline/Pipeline.php(219): Illuminate/Http/Middleware/HandleCors->handle(Object(Illuminate/Http/Request), Object(Closure))
#51 C:/Users/penaj/OneDrive/Documentos/GitHub/penajaime11.github.io/carRentail/Dashboard/vendor/laravel/framework/src/Illuminate/Http/Middleware/TrustProxies.php(58): Illuminate/Pipeline/Pipeline->Illuminate/Pipeline/{closure}(Object(Illuminate/Http/Request))
#52 C:/Users/penaj/OneDrive/Documentos/GitHub/penajaime11.github.io/carRentail/Dashboard/vendor/laravel/framework/src/Illuminate/Pipeline/Pipeline.php(219): Illuminate/Http/Middleware/TrustProxies->handle(Object(Illuminate/Http/Request), Object(Closure))
#53 C:/Users/penaj/OneDrive/Documentos/GitHub/penajaime11.github.io/carRentail/Dashboard/vendor/laravel/framework/src/Illuminate/Foundation/Http/Middleware/InvokeDeferredCallbacks.php(22): Illuminate/Pipeline/Pipeline->Illuminate/Pipeline/{closure}(Object(Illuminate/Http/Request))
#54 C:/Users/penaj/OneDrive/Documentos/GitHub/penajaime11.github.io/carRentail/Dashboard/vendor/laravel/framework/src/Illuminate/Pipeline/Pipeline.php(219): Illuminate/Foundation/Http/Middleware/InvokeDeferredCallbacks->handle(Object(Illuminate/Http/Request), Object(Closure))
#55 C:/Users/penaj/OneDrive/Documentos/GitHub/penajaime11.github.io/carRentail/Dashboard/vendor/laravel/framework/src/Illuminate/Http/Middleware/ValidatePathEncoding.php(26): Illuminate/Pipeline/Pipeline->Illuminate/Pipeline/{closure}(Object(Illuminate/Http/Request))
#56 C:/Users/penaj/OneDrive/Documentos/GitHub/penajaime11.github.io/carRentail/Dashboard/vendor/laravel/framework/src/Illuminate/Pipeline/Pipeline.php(219): Illuminate/Http/Middleware/ValidatePathEncoding->handle(Object(Illuminate/Http/Request), Object(Closure))
#57 C:/Users/penaj/OneDrive/Documentos/GitHub/penajaime11.github.io/carRentail/Dashboard/vendor/laravel/framework/src/Illuminate/Pipeline/Pipeline.php(137): Illuminate/Pipeline/Pipeline->Illuminate/Pipeline/{closure}(Object(Illuminate/Http/Request))
#58 C:/Users/penaj/OneDrive/Documentos/GitHub/penajaime11.github.io/carRentail/Dashboard/vendor/laravel/framework/src/Illuminate/Foundation/Http/Kernel.php(175): Illuminate/Pipeline/Pipeline->then(Object(Closure))
#59 C:/Users/penaj/OneDrive/Documentos/GitHub/penajaime11.github.io/carRentail/Dashboard/vendor/laravel/framework/src/Illuminate/Foundation/Http/Kernel.php(144): Illuminate/Foundation/Http/Kernel->sendRequestThroughRouter(Object(Illuminate/Http/Request))
#60 C:/Users/penaj/OneDrive/Documentos/GitHub/penajaime11.github.io/carRentail/Dashboard/vendor/laravel/framework/src/Illuminate/Foundation/Application.php(1220): Illuminate/Foundation/Http/Kernel->handle(Object(Illuminate/Http/Request))
#61 C:/Users/penaj/OneDrive/Documentos/GitHub/penajaime11.github.io/carRentail/Dashboard/public/index.php(20): Illuminate/Foundation/Application->handleRequest(Object(Illuminate/Http/Request))
#62 C:/Users/penaj/OneDrive/Documentos/GitHub/penajaime11.github.io/carRentail/Dashboard/vendor/laravel/framework/src/Illuminate/Foundation/resources/server.php(23): require_once('C://Users//penaj//...')
#63 {main}
"} 
[2026-05-11 17:46:40] local.ERROR: file_put_contents(C:\Users\penaj\OneDrive\Documentos\GitHub\penajaime11.github.io\carRentail\Dashboard\storage\framework/sessions/juhbLDH7TO1y02xeX3fpcQC7BepuozkkabQsKeGa): Failed to open stream: No such file or directory {"exception":"[object] (ErrorException(code: 0): file_put_contents(C:\\Users\\penaj\\OneDrive\\Documentos\\GitHub\\penajaime11.github.io\\carRentail\\Dashboard\\storage\\framework/sessions/juhbLDH7TO1y02xeX3fpcQC7BepuozkkabQsKeGa): Failed to open stream: No such file or directory at C:/Users/penaj/OneDrive/Documentos/GitHub/penajaime11.github.io/carRentail/Dashboard/vendor/laravel/framework/src/Illuminate/Filesystem/Filesystem.php:204)
[stacktrace]
#0 C:/Users/penaj/OneDrive/Documentos/GitHub/penajaime11.github.io/carRentail/Dashboard/vendor/laravel/framework/src/Illuminate/Foundation/Bootstrap/HandleExceptions.php(258): Illuminate/Foundation/Bootstrap/HandleExceptions->handleError(2, 'file_put_conten...', 'C://Users//penaj//...', 204)
#1 [internal function]: Illuminate/Foundation/Bootstrap/HandleExceptions->Illuminate/Foundation/Bootstrap/{closure}(2, 'file_put_conten...', 'C://Users//penaj//...', 204)
#2 C:/Users/penaj/OneDrive/Documentos/GitHub/penajaime11.github.io/carRentail/Dashboard/vendor/laravel/framework/src/Illuminate/Filesystem/Filesystem.php(204): file_put_contents('C://Users//penaj//...', 'a:3:{s:6:\"_toke...', 2)
#3 C:/Users/penaj/OneDrive/Documentos/GitHub/penajaime11.github.io/carRentail/Dashboard/vendor/laravel/framework/src/Illuminate/Session/FileSessionHandler.php(89): Illuminate/Filesystem/Filesystem->put('C://Users//penaj//...', 'a:3:{s:6:\"_toke...', true)
#4 C:/Users/penaj/OneDrive/Documentos/GitHub/penajaime11.github.io/carRentail/Dashboard/vendor/laravel/framework/src/Illuminate/Session/Store.php(187): Illuminate/Session/FileSessionHandler->write('juhbLDH7TO1y02x...', 'a:3:{s:6:\"_toke...')
#5 C:/Users/penaj/OneDrive/Documentos/GitHub/penajaime11.github.io/carRentail/Dashboard/vendor/laravel/framework/src/Illuminate/Session/Middleware/StartSession.php(248): Illuminate/Session/Store->save()
#6 C:/Users/penaj/OneDrive/Documentos/GitHub/penajaime11.github.io/carRentail/Dashboard/vendor/laravel/framework/src/Illuminate/Session/Middleware/StartSession.php(129): Illuminate/Session/Middleware/StartSession->saveSession(Object(Illuminate/Http/Request))
#7 C:/Users/penaj/OneDrive/Documentos/GitHub/penajaime11.github.io/carRentail/Dashboard/vendor/laravel/framework/src/Illuminate/Session/Middleware/StartSession.php(63): Illuminate/Session/Middleware/StartSession->handleStatefulRequest(Object(Illuminate/Http/Request), Object(Illuminate/Session/Store), Object(Closure))
#8 C:/Users/penaj/OneDrive/Documentos/GitHub/penajaime11.github.io/carRentail/Dashboard/vendor/laravel/framework/src/Illuminate/Pipeline/Pipeline.php(219): Illuminate/Session/Middleware/StartSession->handle(Object(Illuminate/Http/Request), Object(Closure))
#9 C:/Users/penaj/OneDrive/Documentos/GitHub/penajaime11.github.io/carRentail/Dashboard/vendor/laravel/framework/src/Illuminate/Cookie/Middleware/AddQueuedCookiesToResponse.php(36): Illuminate/Pipeline/Pipeline->Illuminate/Pipeline/{closure}(Object(Illuminate/Http/Request))
#10 C:/Users/penaj/OneDrive/Documentos/GitHub/penajaime11.github.io/carRentail/Dashboard/vendor/laravel/framework/src/Illuminate/Pipeline/Pipeline.php(219): Illuminate/Cookie/Middleware/AddQueuedCookiesToResponse->handle(Object(Illuminate/Http/Request), Object(Closure))
#11 C:/Users/penaj/OneDrive/Documentos/GitHub/penajaime11.github.io/carRentail/Dashboard/vendor/laravel/framework/src/Illuminate/Cookie/Middleware/EncryptCookies.php(74): Illuminate/Pipeline/Pipeline->Illuminate/Pipeline/{closure}(Object(Illuminate/Http/Request))
#12 C:/Users/penaj/OneDrive/Documentos/GitHub/penajaime11.github.io/carRentail/Dashboard/vendor/laravel/framework/src/Illuminate/Pipeline/Pipeline.php(219): Illuminate/Cookie/Middleware/EncryptCookies->handle(Object(Illuminate/Http/Request), Object(Closure))
#13 C:/Users/penaj/OneDrive/Documentos/GitHub/penajaime11.github.io/carRentail/Dashboard/vendor/laravel/framework/src/Illuminate/Pipeline/Pipeline.php(137): Illuminate/Pipeline/Pipeline->Illuminate/Pipeline/{closure}(Object(Illuminate/Http/Request))
#14 C:/Users/penaj/OneDrive/Documentos/GitHub/penajaime11.github.io/carRentail/Dashboard/vendor/laravel/framework/src/Illuminate/Routing/Router.php(821): Illuminate/Pipeline/Pipeline->then(Object(Closure))
#15 C:/Users/penaj/OneDrive/Documentos/GitHub/penajaime11.github.io/carRentail/Dashboard/vendor/laravel/framework/src/Illuminate/Routing/Router.php(800): Illuminate/Routing/Router->runRouteWithinStack(Object(Illuminate/Routing/Route), Object(Illuminate/Http/Request))
#16 C:/Users/penaj/OneDrive/Documentos/GitHub/penajaime11.github.io/carRentail/Dashboard/vendor/laravel/framework/src/Illuminate/Routing/Router.php(764): Illuminate/Routing/Router->runRoute(Object(Illuminate/Http/Request), Object(Illuminate/Routing/Route))
#17 C:/Users/penaj/OneDrive/Documentos/GitHub/penajaime11.github.io/carRentail/Dashboard/vendor/laravel/framework/src/Illuminate/Routing/Router.php(753): Illuminate/Routing/Router->dispatchToRoute(Object(Illuminate/Http/Request))
#18 C:/Users/penaj/OneDrive/Documentos/GitHub/penajaime11.github.io/carRentail/Dashboard/vendor/laravel/framework/src/Illuminate/Foundation/Http/Kernel.php(200): Illuminate/Routing/Router->dispatch(Object(Illuminate/Http/Request))
#19 C:/Users/penaj/OneDrive/Documentos/GitHub/penajaime11.github.io/carRentail/Dashboard/vendor/laravel/framework/src/Illuminate/Pipeline/Pipeline.php(180): Illuminate/Foundation/Http/Kernel->Illuminate/Foundation/Http/{closure}(Object(Illuminate/Http/Request))
#20 C:/Users/penaj/OneDrive/Documentos/GitHub/penajaime11.github.io/carRentail/Dashboard/vendor/laravel/framework/src/Illuminate/Foundation/Http/Middleware/TransformsRequest.php(21): Illuminate/Pipeline/Pipeline->Illuminate/Pipeline/{closure}(Object(Illuminate/Http/Request))
#21 C:/Users/penaj/OneDrive/Documentos/GitHub/penajaime11.github.io/carRentail/Dashboard/vendor/laravel/framework/src/Illuminate/Foundation/Http/Middleware/ConvertEmptyStringsToNull.php(31): Illuminate/Foundation/Http/Middleware/TransformsRequest->handle(Object(Illuminate/Http/Request), Object(Closure))
#22 C:/Users/penaj/OneDrive/Documentos/GitHub/penajaime11.github.io/carRentail/Dashboard/vendor/laravel/framework/src/Illuminate/Pipeline/Pipeline.php(219): Illuminate/Foundation/Http/Middleware/ConvertEmptyStringsToNull->handle(Object(Illuminate/Http/Request), Object(Closure))
#23 C:/Users/penaj/OneDrive/Documentos/GitHub/penajaime11.github.io/carRentail/Dashboard/vendor/laravel/framework/src/Illuminate/Foundation/Http/Middleware/TransformsRequest.php(21): Illuminate/Pipeline/Pipeline->Illuminate/Pipeline/{closure}(Object(Illuminate/Http/Request))
#24 C:/Users/penaj/OneDrive/Documentos/GitHub/penajaime11.github.io/carRentail/Dashboard/vendor/laravel/framework/src/Illuminate/Foundation/Http/Middleware/TrimStrings.php(51): Illuminate/Foundation/Http/Middleware/TransformsRequest->handle(Object(Illuminate/Http/Request), Object(Closure))
#25 C:/Users/penaj/OneDrive/Documentos/GitHub/penajaime11.github.io/carRentail/Dashboard/vendor/laravel/framework/src/Illuminate/Pipeline/Pipeline.php(219): Illuminate/Foundation/Http/Middleware/TrimStrings->handle(Object(Illuminate/Http/Request), Object(Closure))
#26 C:/Users/penaj/OneDrive/Documentos/GitHub/penajaime11.github.io/carRentail/Dashboard/vendor/laravel/framework/src/Illuminate/Http/Middleware/ValidatePostSize.php(27): Illuminate/Pipeline/Pipeline->Illuminate/Pipeline/{closure}(Object(Illuminate/Http/Request))
#27 C:/Users/penaj/OneDrive/Documentos/GitHub/penajaime11.github.io/carRentail/Dashboard/vendor/laravel/framework/src/Illuminate/Pipeline/Pipeline.php(219): Illuminate/Http/Middleware/ValidatePostSize->handle(Object(Illuminate/Http/Request), Object(Closure))
#28 C:/Users/penaj/OneDrive/Documentos/GitHub/penajaime11.github.io/carRentail/Dashboard/vendor/laravel/framework/src/Illuminate/Foundation/Http/Middleware/PreventRequestsDuringMaintenance.php(109): Illuminate/Pipeline/Pipeline->Illuminate/Pipeline/{closure}(Object(Illuminate/Http/Request))
#29 C:/Users/penaj/OneDrive/Documentos/GitHub/penajaime11.github.io/carRentail/Dashboard/vendor/laravel/framework/src/Illuminate/Pipeline/Pipeline.php(219): Illuminate/Foundation/Http/Middleware/PreventRequestsDuringMaintenance->handle(Object(Illuminate/Http/Request), Object(Closure))
#30 C:/Users/penaj/OneDrive/Documentos/GitHub/penajaime11.github.io/carRentail/Dashboard/vendor/laravel/framework/src/Illuminate/Http/Middleware/HandleCors.php(61): Illuminate/Pipeline/Pipeline->Illuminate/Pipeline/{closure}(Object(Illuminate/Http/Request))
#31 C:/Users/penaj/OneDrive/Documentos/GitHub/penajaime11.github.io/carRentail/Dashboard/vendor/laravel/framework/src/Illuminate/Pipeline/Pipeline.php(219): Illuminate/Http/Middleware/HandleCors->handle(Object(Illuminate/Http/Request), Object(Closure))
#32 C:/Users/penaj/OneDrive/Documentos/GitHub/penajaime11.github.io/carRentail/Dashboard/vendor/laravel/framework/src/Illuminate/Http/Middleware/TrustProxies.php(58): Illuminate/Pipeline/Pipeline->Illuminate/Pipeline/{closure}(Object(Illuminate/Http/Request))
#33 C:/Users/penaj/OneDrive/Documentos/GitHub/penajaime11.github.io/carRentail/Dashboard/vendor/laravel/framework/src/Illuminate/Pipeline/Pipeline.php(219): Illuminate/Http/Middleware/TrustProxies->handle(Object(Illuminate/Http/Request), Object(Closure))
#34 C:/Users/penaj/OneDrive/Documentos/GitHub/penajaime11.github.io/carRentail/Dashboard/vendor/laravel/framework/src/Illuminate/Foundation/Http/Middleware/InvokeDeferredCallbacks.php(22): Illuminate/Pipeline/Pipeline->Illuminate/Pipeline/{closure}(Object(Illuminate/Http/Request))
#35 C:/Users/penaj/OneDrive/Documentos/GitHub/penajaime11.github.io/carRentail/Dashboard/vendor/laravel/framework/src/Illuminate/Pipeline/Pipeline.php(219): Illuminate/Foundation/Http/Middleware/InvokeDeferredCallbacks->handle(Object(Illuminate/Http/Request), Object(Closure))
#36 C:/Users/penaj/OneDrive/Documentos/GitHub/penajaime11.github.io/carRentail/Dashboard/vendor/laravel/framework/src/Illuminate/Http/Middleware/ValidatePathEncoding.php(26): Illuminate/Pipeline/Pipeline->Illuminate/Pipeline/{closure}(Object(Illuminate/Http/Request))
#37 C:/Users/penaj/OneDrive/Documentos/GitHub/penajaime11.github.io/carRentail/Dashboard/vendor/laravel/framework/src/Illuminate/Pipeline/Pipeline.php(219): Illuminate/Http/Middleware/ValidatePathEncoding->handle(Object(Illuminate/Http/Request), Object(Closure))
#38 C:/Users/penaj/OneDrive/Documentos/GitHub/penajaime11.github.io/carRentail/Dashboard/vendor/laravel/framework/src/Illuminate/Pipeline/Pipeline.php(137): Illuminate/Pipeline/Pipeline->Illuminate/Pipeline/{closure}(Object(Illuminate/Http/Request))
#39 C:/Users/penaj/OneDrive/Documentos/GitHub/penajaime11.github.io/carRentail/Dashboard/vendor/laravel/framework/src/Illuminate/Foundation/Http/Kernel.php(175): Illuminate/Pipeline/Pipeline->then(Object(Closure))
#40 C:/Users/penaj/OneDrive/Documentos/GitHub/penajaime11.github.io/carRentail/Dashboard/vendor/laravel/framework/src/Illuminate/Foundation/Http/Kernel.php(144): Illuminate/Foundation/Http/Kernel->sendRequestThroughRouter(Object(Illuminate/Http/Request))
#41 C:/Users/penaj/OneDrive/Documentos/GitHub/penajaime11.github.io/carRentail/Dashboard/vendor/laravel/framework/src/Illuminate/Foundation/Application.php(1220): Illuminate/Foundation/Http/Kernel->handle(Object(Illuminate/Http/Request))
#42 C:/Users/penaj/OneDrive/Documentos/GitHub/penajaime11.github.io/carRentail/Dashboard/public/index.php(20): Illuminate/Foundation/Application->handleRequest(Object(Illuminate/Http/Request))
#43 C:/Users/penaj/OneDrive/Documentos/GitHub/penajaime11.github.io/carRentail/Dashboard/vendor/laravel/framework/src/Illuminate/Foundation/resources/server.php(23): require_once('C://Users//penaj//...')
#44 {main}
"} 
[2026-05-11 18:00:44] local.ERROR: Please provide a valid cache path. {"exception":"[object] (InvalidArgumentException(code: 0): Please provide a valid cache path. at C:/Users/penaj/OneDrive/Documentos/GitHub/penajaime11.github.io/carRentail/Dashboard/vendor/laravel/framework/src/Illuminate/View/Compilers/Compiler.php:75)
[stacktrace]
#0 C:/Users/penaj/OneDrive/Documentos/GitHub/penajaime11.github.io/carRentail/Dashboard/vendor/laravel/framework/src/Illuminate/View/ViewServiceProvider.php(97): Illuminate/View/Compilers/Compiler->__construct(Object(Illuminate/Filesystem/Filesystem), false, '', true, 'php', true)
#1 C:/Users/penaj/OneDrive/Documentos/GitHub/penajaime11.github.io/carRentail/Dashboard/vendor/laravel/framework/src/Illuminate/Container/Container.php(1115): Illuminate/View/ViewServiceProvider->Illuminate/View/{closure}(Object(Illuminate/Foundation/Application), Array)
#2 C:/Users/penaj/OneDrive/Documentos/GitHub/penajaime11.github.io/carRentail/Dashboard/vendor/laravel/framework/src/Illuminate/Container/Container.php(933): Illuminate/Container/Container->build(Object(Closure))
#3 C:/Users/penaj/OneDrive/Documentos/GitHub/penajaime11.github.io/carRentail/Dashboard/vendor/laravel/framework/src/Illuminate/Foundation/Application.php(1078): Illuminate/Container/Container->resolve('blade.compiler', Array, true)
#4 C:/Users/penaj/OneDrive/Documentos/GitHub/penajaime11.github.io/carRentail/Dashboard/vendor/laravel/framework/src/Illuminate/Container/Container.php(864): Illuminate/Foundation/Application->resolve('blade.compiler', Array)
#5 C:/Users/penaj/OneDrive/Documentos/GitHub/penajaime11.github.io/carRentail/Dashboard/vendor/laravel/framework/src/Illuminate/Foundation/Application.php(1058): Illuminate/Container/Container->make('blade.compiler', Array)
#6 C:/Users/penaj/OneDrive/Documentos/GitHub/penajaime11.github.io/carRentail/Dashboard/vendor/laravel/framework/src/Illuminate/View/ViewServiceProvider.php(169): Illuminate/Foundation/Application->make('blade.compiler')
#7 [internal function]: Illuminate/View/ViewServiceProvider->Illuminate/View/{closure}()
#8 C:/Users/penaj/OneDrive/Documentos/GitHub/penajaime11.github.io/carRentail/Dashboard/vendor/laravel/framework/src/Illuminate/View/Engines/EngineResolver.php(55): call_user_func(Object(Closure))
#9 C:/Users/penaj/OneDrive/Documentos/GitHub/penajaime11.github.io/carRentail/Dashboard/vendor/laravel/framework/src/Illuminate/View/Factory.php(325): Illuminate/View/Engines/EngineResolver->resolve('blade')
#10 C:/Users/penaj/OneDrive/Documentos/GitHub/penajaime11.github.io/carRentail/Dashboard/vendor/laravel/framework/src/Illuminate/View/Factory.php(287): Illuminate/View/Factory->getEngineFromPath('C://Users//penaj//...')
#11 C:/Users/penaj/OneDrive/Documentos/GitHub/penajaime11.github.io/carRentail/Dashboard/vendor/laravel/framework/src/Illuminate/View/Factory.php(159): Illuminate/View/Factory->viewInstance('welcome', 'C://Users//penaj//...', Array)
#12 C:/Users/penaj/OneDrive/Documentos/GitHub/penajaime11.github.io/carRentail/Dashboard/vendor/laravel/framework/src/Illuminate/Foundation/helpers.php(1100): Illuminate/View/Factory->make('welcome', Array, Array)
#13 C:/Users/penaj/OneDrive/Documentos/GitHub/penajaime11.github.io/carRentail/Dashboard/routes/web.php(6): view('welcome')
#14 C:/Users/penaj/OneDrive/Documentos/GitHub/penajaime11.github.io/carRentail/Dashboard/vendor/laravel/framework/src/Illuminate/Routing/CallableDispatcher.php(39): Illuminate/Routing/RouteFileRegistrar->{closure}()
#15 C:/Users/penaj/OneDrive/Documentos/GitHub/penajaime11.github.io/carRentail/Dashboard/vendor/laravel/framework/src/Illuminate/Routing/Route.php(243): Illuminate/Routing/CallableDispatcher->dispatch(Object(Illuminate/Routing/Route), Object(Closure))
#16 C:/Users/penaj/OneDrive/Documentos/GitHub/penajaime11.github.io/carRentail/Dashboard/vendor/laravel/framework/src/Illuminate/Routing/Route.php(214): Illuminate/Routing/Route->runCallable()
#17 C:/Users/penaj/OneDrive/Documentos/GitHub/penajaime11.github.io/carRentail/Dashboard/vendor/laravel/framework/src/Illuminate/Routing/Router.php(822): Illuminate/Routing/Route->run()
#18 C:/Users/penaj/OneDrive/Documentos/GitHub/penajaime11.github.io/carRentail/Dashboard/vendor/laravel/framework/src/Illuminate/Pipeline/Pipeline.php(180): Illuminate/Routing/Router->Illuminate/Routing/{closure}(Object(Illuminate/Http/Request))
#19 C:/Users/penaj/OneDrive/Documentos/GitHub/penajaime11.github.io/carRentail/Dashboard/vendor/laravel/framework/src/Illuminate/Routing/Middleware/SubstituteBindings.php(50): Illuminate/Pipeline/Pipeline->Illuminate/Pipeline/{closure}(Object(Illuminate/Http/Request))
#20 C:/Users/penaj/OneDrive/Documentos/GitHub/penajaime11.github.io/carRentail/Dashboard/vendor/laravel/framework/src/Illuminate/Pipeline/Pipeline.php(219): Illuminate/Routing/Middleware/SubstituteBindings->handle(Object(Illuminate/Http/Request), Object(Closure))
#21 C:/Users/penaj/OneDrive/Documentos/GitHub/penajaime11.github.io/carRentail/Dashboard/vendor/laravel/framework/src/Illuminate/Foundation/Http/Middleware/VerifyCsrfToken.php(87): Illuminate/Pipeline/Pipeline->Illuminate/Pipeline/{closure}(Object(Illuminate/Http/Request))
#22 C:/Users/penaj/OneDrive/Documentos/GitHub/penajaime11.github.io/carRentail/Dashboard/vendor/laravel/framework/src/Illuminate/Pipeline/Pipeline.php(219): Illuminate/Foundation/Http/Middleware/VerifyCsrfToken->handle(Object(Illuminate/Http/Request), Object(Closure))
#23 C:/Users/penaj/OneDrive/Documentos/GitHub/penajaime11.github.io/carRentail/Dashboard/vendor/laravel/framework/src/Illuminate/View/Middleware/ShareErrorsFromSession.php(48): Illuminate/Pipeline/Pipeline->Illuminate/Pipeline/{closure}(Object(Illuminate/Http/Request))
#24 C:/Users/penaj/OneDrive/Documentos/GitHub/penajaime11.github.io/carRentail/Dashboard/vendor/laravel/framework/src/Illuminate/Pipeline/Pipeline.php(219): Illuminate/View/Middleware/ShareErrorsFromSession->handle(Object(Illuminate/Http/Request), Object(Closure))
#25 C:/Users/penaj/OneDrive/Documentos/GitHub/penajaime11.github.io/carRentail/Dashboard/vendor/laravel/framework/src/Illuminate/Session/Middleware/StartSession.php(120): Illuminate/Pipeline/Pipeline->Illuminate/Pipeline/{closure}(Object(Illuminate/Http/Request))
#26 C:/Users/penaj/OneDrive/Documentos/GitHub/penajaime11.github.io/carRentail/Dashboard/vendor/laravel/framework/src/Illuminate/Session/Middleware/StartSession.php(63): Illuminate/Session/Middleware/StartSession->handleStatefulRequest(Object(Illuminate/Http/Request), Object(Illuminate/Session/Store), Object(Closure))
#27 C:/Users/penaj/OneDrive/Documentos/GitHub/penajaime11.github.io/carRentail/Dashboard/vendor/laravel/framework/src/Illuminate/Pipeline/Pipeline.php(219): Illuminate/Session/Middleware/StartSession->handle(Object(Illuminate/Http/Request), Object(Closure))
#28 C:/Users/penaj/OneDrive/Documentos/GitHub/penajaime11.github.io/carRentail/Dashboard/vendor/laravel/framework/src/Illuminate/Cookie/Middleware/AddQueuedCookiesToResponse.php(36): Illuminate/Pipeline/Pipeline->Illuminate/Pipeline/{closure}(Object(Illuminate/Http/Request))
#29 C:/Users/penaj/OneDrive/Documentos/GitHub/penajaime11.github.io/carRentail/Dashboard/vendor/laravel/framework/src/Illuminate/Pipeline/Pipeline.php(219): Illuminate/Cookie/Middleware/AddQueuedCookiesToResponse->handle(Object(Illuminate/Http/Request), Object(Closure))
#30 C:/Users/penaj/OneDrive/Documentos/GitHub/penajaime11.github.io/carRentail/Dashboard/vendor/laravel/framework/src/Illuminate/Cookie/Middleware/EncryptCookies.php(74): Illuminate/Pipeline/Pipeline->Illuminate/Pipeline/{closure}(Object(Illuminate/Http/Request))
#31 C:/Users/penaj/OneDrive/Documentos/GitHub/penajaime11.github.io/carRentail/Dashboard/vendor/laravel/framework/src/Illuminate/Pipeline/Pipeline.php(219): Illuminate/Cookie/Middleware/EncryptCookies->handle(Object(Illuminate/Http/Request), Object(Closure))
#32 C:/Users/penaj/OneDrive/Documentos/GitHub/penajaime11.github.io/carRentail/Dashboard/vendor/laravel/framework/src/Illuminate/Pipeline/Pipeline.php(137): Illuminate/Pipeline/Pipeline->Illuminate/Pipeline/{closure}(Object(Illuminate/Http/Request))
#33 C:/Users/penaj/OneDrive/Documentos/GitHub/penajaime11.github.io/carRentail/Dashboard/vendor/laravel/framework/src/Illuminate/Routing/Router.php(821): Illuminate/Pipeline/Pipeline->then(Object(Closure))
#34 C:/Users/penaj/OneDrive/Documentos/GitHub/penajaime11.github.io/carRentail/Dashboard/vendor/laravel/framework/src/Illuminate/Routing/Router.php(800): Illuminate/Routing/Router->runRouteWithinStack(Object(Illuminate/Routing/Route), Object(Illuminate/Http/Request))
#35 C:/Users/penaj/OneDrive/Documentos/GitHub/penajaime11.github.io/carRentail/Dashboard/vendor/laravel/framework/src/Illuminate/Routing/Router.php(764): Illuminate/Routing/Router->runRoute(Object(Illuminate/Http/Request), Object(Illuminate/Routing/Route))
#36 C:/Users/penaj/OneDrive/Documentos/GitHub/penajaime11.github.io/carRentail/Dashboard/vendor/laravel/framework/src/Illuminate/Routing/Router.php(753): Illuminate/Routing/Router->dispatchToRoute(Object(Illuminate/Http/Request))
#37 C:/Users/penaj/OneDrive/Documentos/GitHub/penajaime11.github.io/carRentail/Dashboard/vendor/laravel/framework/src/Illuminate/Foundation/Http/Kernel.php(200): Illuminate/Routing/Router->dispatch(Object(Illuminate/Http/Request))
#38 C:/Users/penaj/OneDrive/Documentos/GitHub/penajaime11.github.io/carRentail/Dashboard/vendor/laravel/framework/src/Illuminate/Pipeline/Pipeline.php(180): Illuminate/Foundation/Http/Kernel->Illuminate/Foundation/Http/{closure}(Object(Illuminate/Http/Request))
#39 C:/Users/penaj/OneDrive/Documentos/GitHub/penajaime11.github.io/carRentail/Dashboard/vendor/laravel/framework/src/Illuminate/Foundation/Http/Middleware/TransformsRequest.php(21): Illuminate/Pipeline/Pipeline->Illuminate/Pipeline/{closure}(Object(Illuminate/Http/Request))
#40 C:/Users/penaj/OneDrive/Documentos/GitHub/penajaime11.github.io/carRentail/Dashboard/vendor/laravel/framework/src/Illuminate/Foundation/Http/Middleware/ConvertEmptyStringsToNull.php(31): Illuminate/Foundation/Http/Middleware/TransformsRequest->handle(Object(Illuminate/Http/Request), Object(Closure))
#41 C:/Users/penaj/OneDrive/Documentos/GitHub/penajaime11.github.io/carRentail/Dashboard/vendor/laravel/framework/src/Illuminate/Pipeline/Pipeline.php(219): Illuminate/Foundation/Http/Middleware/ConvertEmptyStringsToNull->handle(Object(Illuminate/Http/Request), Object(Closure))
#42 C:/Users/penaj/OneDrive/Documentos/GitHub/penajaime11.github.io/carRentail/Dashboard/vendor/laravel/framework/src/Illuminate/Foundation/Http/Middleware/TransformsRequest.php(21): Illuminate/Pipeline/Pipeline->Illuminate/Pipeline/{closure}(Object(Illuminate/Http/Request))
#43 C:/Users/penaj/OneDrive/Documentos/GitHub/penajaime11.github.io/carRentail/Dashboard/vendor/laravel/framework/src/Illuminate/Foundation/Http/Middleware/TrimStrings.php(51): Illuminate/Foundation/Http/Middleware/TransformsRequest->handle(Object(Illuminate/Http/Request), Object(Closure))
#44 C:/Users/penaj/OneDrive/Documentos/GitHub/penajaime11.github.io/carRentail/Dashboard/vendor/laravel/framework/src/Illuminate/Pipeline/Pipeline.php(219): Illuminate/Foundation/Http/Middleware/TrimStrings->handle(Object(Illuminate/Http/Request), Object(Closure))
#45 C:/Users/penaj/OneDrive/Documentos/GitHub/penajaime11.github.io/carRentail/Dashboard/vendor/laravel/framework/src/Illuminate/Http/Middleware/ValidatePostSize.php(27): Illuminate/Pipeline/Pipeline->Illuminate/Pipeline/{closure}(Object(Illuminate/Http/Request))
#46 C:/Users/penaj/OneDrive/Documentos/GitHub/penajaime11.github.io/carRentail/Dashboard/vendor/laravel/framework/src/Illuminate/Pipeline/Pipeline.php(219): Illuminate/Http/Middleware/ValidatePostSize->handle(Object(Illuminate/Http/Request), Object(Closure))
#47 C:/Users/penaj/OneDrive/Documentos/GitHub/penajaime11.github.io/carRentail/Dashboard/vendor/laravel/framework/src/Illuminate/Foundation/Http/Middleware/PreventRequestsDuringMaintenance.php(109): Illuminate/Pipeline/Pipeline->Illuminate/Pipeline/{closure}(Object(Illuminate/Http/Request))
#48 C:/Users/penaj/OneDrive/Documentos/GitHub/penajaime11.github.io/carRentail/Dashboard/vendor/laravel/framework/src/Illuminate/Pipeline/Pipeline.php(219): Illuminate/Foundation/Http/Middleware/PreventRequestsDuringMaintenance->handle(Object(Illuminate/Http/Request), Object(Closure))
#49 C:/Users/penaj/OneDrive/Documentos/GitHub/penajaime11.github.io/carRentail/Dashboard/vendor/laravel/framework/src/Illuminate/Http/Middleware/HandleCors.php(61): Illuminate/Pipeline/Pipeline->Illuminate/Pipeline/{closure}(Object(Illuminate/Http/Request))
#50 C:/Users/penaj/OneDrive/Documentos/GitHub/penajaime11.github.io/carRentail/Dashboard/vendor/laravel/framework/src/Illuminate/Pipeline/Pipeline.php(219): Illuminate/Http/Middleware/HandleCors->handle(Object(Illuminate/Http/Request), Object(Closure))
#51 C:/Users/penaj/OneDrive/Documentos/GitHub/penajaime11.github.io/carRentail/Dashboard/vendor/laravel/framework/src/Illuminate/Http/Middleware/TrustProxies.php(58): Illuminate/Pipeline/Pipeline->Illuminate/Pipeline/{closure}(Object(Illuminate/Http/Request))
#52 C:/Users/penaj/OneDrive/Documentos/GitHub/penajaime11.github.io/carRentail/Dashboard/vendor/laravel/framework/src/Illuminate/Pipeline/Pipeline.php(219): Illuminate/Http/Middleware/TrustProxies->handle(Object(Illuminate/Http/Request), Object(Closure))
#53 C:/Users/penaj/OneDrive/Documentos/GitHub/penajaime11.github.io/carRentail/Dashboard/vendor/laravel/framework/src/Illuminate/Foundation/Http/Middleware/InvokeDeferredCallbacks.php(22): Illuminate/Pipeline/Pipeline->Illuminate/Pipeline/{closure}(Object(Illuminate/Http/Request))
#54 C:/Users/penaj/OneDrive/Documentos/GitHub/penajaime11.github.io/carRentail/Dashboard/vendor/laravel/framework/src/Illuminate/Pipeline/Pipeline.php(219): Illuminate/Foundation/Http/Middleware/InvokeDeferredCallbacks->handle(Object(Illuminate/Http/Request), Object(Closure))
#55 C:/Users/penaj/OneDrive/Documentos/GitHub/penajaime11.github.io/carRentail/Dashboard/vendor/laravel/framework/src/Illuminate/Http/Middleware/ValidatePathEncoding.php(26): Illuminate/Pipeline/Pipeline->Illuminate/Pipeline/{closure}(Object(Illuminate/Http/Request))
#56 C:/Users/penaj/OneDrive/Documentos/GitHub/penajaime11.github.io/carRentail/Dashboard/vendor/laravel/framework/src/Illuminate/Pipeline/Pipeline.php(219): Illuminate/Http/Middleware/ValidatePathEncoding->handle(Object(Illuminate/Http/Request), Object(Closure))
#57 C:/Users/penaj/OneDrive/Documentos/GitHub/penajaime11.github.io/carRentail/Dashboard/vendor/laravel/framework/src/Illuminate/Pipeline/Pipeline.php(137): Illuminate/Pipeline/Pipeline->Illuminate/Pipeline/{closure}(Object(Illuminate/Http/Request))
#58 C:/Users/penaj/OneDrive/Documentos/GitHub/penajaime11.github.io/carRentail/Dashboard/vendor/laravel/framework/src/Illuminate/Foundation/Http/Kernel.php(175): Illuminate/Pipeline/Pipeline->then(Object(Closure))
#59 C:/Users/penaj/OneDrive/Documentos/GitHub/penajaime11.github.io/carRentail/Dashboard/vendor/laravel/framework/src/Illuminate/Foundation/Http/Kernel.php(144): Illuminate/Foundation/Http/Kernel->sendRequestThroughRouter(Object(Illuminate/Http/Request))
#60 C:/Users/penaj/OneDrive/Documentos/GitHub/penajaime11.github.io/carRentail/Dashboard/vendor/laravel/framework/src/Illuminate/Foundation/Application.php(1220): Illuminate/Foundation/Http/Kernel->handle(Object(Illuminate/Http/Request))
#61 C:/Users/penaj/OneDrive/Documentos/GitHub/penajaime11.github.io/carRentail/Dashboard/public/index.php(20): Illuminate/Foundation/Application->handleRequest(Object(Illuminate/Http/Request))
#62 C:/Users/penaj/OneDrive/Documentos/GitHub/penajaime11.github.io/carRentail/Dashboard/vendor/laravel/framework/src/Illuminate/Foundation/resources/server.php(23): require_once('C://Users//penaj//...')
#63 {main}
"} 
[2026-05-11 18:00:45] local.ERROR: file_put_contents(C:\Users\penaj\OneDrive\Documentos\GitHub\penajaime11.github.io\carRentail\Dashboard\storage\framework/sessions/xtzV2gjSo3lpvQLfXIBFyivMqS65Teu22m9z9XwA): Failed to open stream: No such file or directory {"exception":"[object] (ErrorException(code: 0): file_put_contents(C:\\Users\\penaj\\OneDrive\\Documentos\\GitHub\\penajaime11.github.io\\carRentail\\Dashboard\\storage\\framework/sessions/xtzV2gjSo3lpvQLfXIBFyivMqS65Teu22m9z9XwA): Failed to open stream: No such file or directory at C:/Users/penaj/OneDrive/Documentos/GitHub/penajaime11.github.io/carRentail/Dashboard/vendor/laravel/framework/src/Illuminate/Filesystem/Filesystem.php:204)
[stacktrace]
#0 C:/Users/penaj/OneDrive/Documentos/GitHub/penajaime11.github.io/carRentail/Dashboard/vendor/laravel/framework/src/Illuminate/Foundation/Bootstrap/HandleExceptions.php(258): Illuminate/Foundation/Bootstrap/HandleExceptions->handleError(2, 'file_put_conten...', 'C://Users//penaj//...', 204)
#1 [internal function]: Illuminate/Foundation/Bootstrap/HandleExceptions->Illuminate/Foundation/Bootstrap/{closure}(2, 'file_put_conten...', 'C://Users//penaj//...', 204)
#2 C:/Users/penaj/OneDrive/Documentos/GitHub/penajaime11.github.io/carRentail/Dashboard/vendor/laravel/framework/src/Illuminate/Filesystem/Filesystem.php(204): file_put_contents('C://Users//penaj//...', 'a:3:{s:6:\"_toke...', 2)
#3 C:/Users/penaj/OneDrive/Documentos/GitHub/penajaime11.github.io/carRentail/Dashboard/vendor/laravel/framework/src/Illuminate/Session/FileSessionHandler.php(89): Illuminate/Filesystem/Filesystem->put('C://Users//penaj//...', 'a:3:{s:6:\"_toke...', true)
#4 C:/Users/penaj/OneDrive/Documentos/GitHub/penajaime11.github.io/carRentail/Dashboard/vendor/laravel/framework/src/Illuminate/Session/Store.php(187): Illuminate/Session/FileSessionHandler->write('xtzV2gjSo3lpvQL...', 'a:3:{s:6:\"_toke...')
#5 C:/Users/penaj/OneDrive/Documentos/GitHub/penajaime11.github.io/carRentail/Dashboard/vendor/laravel/framework/src/Illuminate/Session/Middleware/StartSession.php(248): Illuminate/Session/Store->save()
#6 C:/Users/penaj/OneDrive/Documentos/GitHub/penajaime11.github.io/carRentail/Dashboard/vendor/laravel/framework/src/Illuminate/Session/Middleware/StartSession.php(129): Illuminate/Session/Middleware/StartSession->saveSession(Object(Illuminate/Http/Request))
#7 C:/Users/penaj/OneDrive/Documentos/GitHub/penajaime11.github.io/carRentail/Dashboard/vendor/laravel/framework/src/Illuminate/Session/Middleware/StartSession.php(63): Illuminate/Session/Middleware/StartSession->handleStatefulRequest(Object(Illuminate/Http/Request), Object(Illuminate/Session/Store), Object(Closure))
#8 C:/Users/penaj/OneDrive/Documentos/GitHub/penajaime11.github.io/carRentail/Dashboard/vendor/laravel/framework/src/Illuminate/Pipeline/Pipeline.php(219): Illuminate/Session/Middleware/StartSession->handle(Object(Illuminate/Http/Request), Object(Closure))
#9 C:/Users/penaj/OneDrive/Documentos/GitHub/penajaime11.github.io/carRentail/Dashboard/vendor/laravel/framework/src/Illuminate/Cookie/Middleware/AddQueuedCookiesToResponse.php(36): Illuminate/Pipeline/Pipeline->Illuminate/Pipeline/{closure}(Object(Illuminate/Http/Request))
#10 C:/Users/penaj/OneDrive/Documentos/GitHub/penajaime11.github.io/carRentail/Dashboard/vendor/laravel/framework/src/Illuminate/Pipeline/Pipeline.php(219): Illuminate/Cookie/Middleware/AddQueuedCookiesToResponse->handle(Object(Illuminate/Http/Request), Object(Closure))
#11 C:/Users/penaj/OneDrive/Documentos/GitHub/penajaime11.github.io/carRentail/Dashboard/vendor/laravel/framework/src/Illuminate/Cookie/Middleware/EncryptCookies.php(74): Illuminate/Pipeline/Pipeline->Illuminate/Pipeline/{closure}(Object(Illuminate/Http/Request))
#12 C:/Users/penaj/OneDrive/Documentos/GitHub/penajaime11.github.io/carRentail/Dashboard/vendor/laravel/framework/src/Illuminate/Pipeline/Pipeline.php(219): Illuminate/Cookie/Middleware/EncryptCookies->handle(Object(Illuminate/Http/Request), Object(Closure))
#13 C:/Users/penaj/OneDrive/Documentos/GitHub/penajaime11.github.io/carRentail/Dashboard/vendor/laravel/framework/src/Illuminate/Pipeline/Pipeline.php(137): Illuminate/Pipeline/Pipeline->Illuminate/Pipeline/{closure}(Object(Illuminate/Http/Request))
#14 C:/Users/penaj/OneDrive/Documentos/GitHub/penajaime11.github.io/carRentail/Dashboard/vendor/laravel/framework/src/Illuminate/Routing/Router.php(821): Illuminate/Pipeline/Pipeline->then(Object(Closure))
#15 C:/Users/penaj/OneDrive/Documentos/GitHub/penajaime11.github.io/carRentail/Dashboard/vendor/laravel/framework/src/Illuminate/Routing/Router.php(800): Illuminate/Routing/Router->runRouteWithinStack(Object(Illuminate/Routing/Route), Object(Illuminate/Http/Request))
#16 C:/Users/penaj/OneDrive/Documentos/GitHub/penajaime11.github.io/carRentail/Dashboard/vendor/laravel/framework/src/Illuminate/Routing/Router.php(764): Illuminate/Routing/Router->runRoute(Object(Illuminate/Http/Request), Object(Illuminate/Routing/Route))
#17 C:/Users/penaj/OneDrive/Documentos/GitHub/penajaime11.github.io/carRentail/Dashboard/vendor/laravel/framework/src/Illuminate/Routing/Router.php(753): Illuminate/Routing/Router->dispatchToRoute(Object(Illuminate/Http/Request))
#18 C:/Users/penaj/OneDrive/Documentos/GitHub/penajaime11.github.io/carRentail/Dashboard/vendor/laravel/framework/src/Illuminate/Foundation/Http/Kernel.php(200): Illuminate/Routing/Router->dispatch(Object(Illuminate/Http/Request))
#19 C:/Users/penaj/OneDrive/Documentos/GitHub/penajaime11.github.io/carRentail/Dashboard/vendor/laravel/framework/src/Illuminate/Pipeline/Pipeline.php(180): Illuminate/Foundation/Http/Kernel->Illuminate/Foundation/Http/{closure}(Object(Illuminate/Http/Request))
#20 C:/Users/penaj/OneDrive/Documentos/GitHub/penajaime11.github.io/carRentail/Dashboard/vendor/laravel/framework/src/Illuminate/Foundation/Http/Middleware/TransformsRequest.php(21): Illuminate/Pipeline/Pipeline->Illuminate/Pipeline/{closure}(Object(Illuminate/Http/Request))
#21 C:/Users/penaj/OneDrive/Documentos/GitHub/penajaime11.github.io/carRentail/Dashboard/vendor/laravel/framework/src/Illuminate/Foundation/Http/Middleware/ConvertEmptyStringsToNull.php(31): Illuminate/Foundation/Http/Middleware/TransformsRequest->handle(Object(Illuminate/Http/Request), Object(Closure))
#22 C:/Users/penaj/OneDrive/Documentos/GitHub/penajaime11.github.io/carRentail/Dashboard/vendor/laravel/framework/src/Illuminate/Pipeline/Pipeline.php(219): Illuminate/Foundation/Http/Middleware/ConvertEmptyStringsToNull->handle(Object(Illuminate/Http/Request), Object(Closure))
#23 C:/Users/penaj/OneDrive/Documentos/GitHub/penajaime11.github.io/carRentail/Dashboard/vendor/laravel/framework/src/Illuminate/Foundation/Http/Middleware/TransformsRequest.php(21): Illuminate/Pipeline/Pipeline->Illuminate/Pipeline/{closure}(Object(Illuminate/Http/Request))
#24 C:/Users/penaj/OneDrive/Documentos/GitHub/penajaime11.github.io/carRentail/Dashboard/vendor/laravel/framework/src/Illuminate/Foundation/Http/Middleware/TrimStrings.php(51): Illuminate/Foundation/Http/Middleware/TransformsRequest->handle(Object(Illuminate/Http/Request), Object(Closure))
#25 C:/Users/penaj/OneDrive/Documentos/GitHub/penajaime11.github.io/carRentail/Dashboard/vendor/laravel/framework/src/Illuminate/Pipeline/Pipeline.php(219): Illuminate/Foundation/Http/Middleware/TrimStrings->handle(Object(Illuminate/Http/Request), Object(Closure))
#26 C:/Users/penaj/OneDrive/Documentos/GitHub/penajaime11.github.io/carRentail/Dashboard/vendor/laravel/framework/src/Illuminate/Http/Middleware/ValidatePostSize.php(27): Illuminate/Pipeline/Pipeline->Illuminate/Pipeline/{closure}(Object(Illuminate/Http/Request))
#27 C:/Users/penaj/OneDrive/Documentos/GitHub/penajaime11.github.io/carRentail/Dashboard/vendor/laravel/framework/src/Illuminate/Pipeline/Pipeline.php(219): Illuminate/Http/Middleware/ValidatePostSize->handle(Object(Illuminate/Http/Request), Object(Closure))
#28 C:/Users/penaj/OneDrive/Documentos/GitHub/penajaime11.github.io/carRentail/Dashboard/vendor/laravel/framework/src/Illuminate/Foundation/Http/Middleware/PreventRequestsDuringMaintenance.php(109): Illuminate/Pipeline/Pipeline->Illuminate/Pipeline/{closure}(Object(Illuminate/Http/Request))
#29 C:/Users/penaj/OneDrive/Documentos/GitHub/penajaime11.github.io/carRentail/Dashboard/vendor/laravel/framework/src/Illuminate/Pipeline/Pipeline.php(219): Illuminate/Foundation/Http/Middleware/PreventRequestsDuringMaintenance->handle(Object(Illuminate/Http/Request), Object(Closure))
#30 C:/Users/penaj/OneDrive/Documentos/GitHub/penajaime11.github.io/carRentail/Dashboard/vendor/laravel/framework/src/Illuminate/Http/Middleware/HandleCors.php(61): Illuminate/Pipeline/Pipeline->Illuminate/Pipeline/{closure}(Object(Illuminate/Http/Request))
#31 C:/Users/penaj/OneDrive/Documentos/GitHub/penajaime11.github.io/carRentail/Dashboard/vendor/laravel/framework/src/Illuminate/Pipeline/Pipeline.php(219): Illuminate/Http/Middleware/HandleCors->handle(Object(Illuminate/Http/Request), Object(Closure))
#32 C:/Users/penaj/OneDrive/Documentos/GitHub/penajaime11.github.io/carRentail/Dashboard/vendor/laravel/framework/src/Illuminate/Http/Middleware/TrustProxies.php(58): Illuminate/Pipeline/Pipeline->Illuminate/Pipeline/{closure}(Object(Illuminate/Http/Request))
#33 C:/Users/penaj/OneDrive/Documentos/GitHub/penajaime11.github.io/carRentail/Dashboard/vendor/laravel/framework/src/Illuminate/Pipeline/Pipeline.php(219): Illuminate/Http/Middleware/TrustProxies->handle(Object(Illuminate/Http/Request), Object(Closure))
#34 C:/Users/penaj/OneDrive/Documentos/GitHub/penajaime11.github.io/carRentail/Dashboard/vendor/laravel/framework/src/Illuminate/Foundation/Http/Middleware/InvokeDeferredCallbacks.php(22): Illuminate/Pipeline/Pipeline->Illuminate/Pipeline/{closure}(Object(Illuminate/Http/Request))
#35 C:/Users/penaj/OneDrive/Documentos/GitHub/penajaime11.github.io/carRentail/Dashboard/vendor/laravel/framework/src/Illuminate/Pipeline/Pipeline.php(219): Illuminate/Foundation/Http/Middleware/InvokeDeferredCallbacks->handle(Object(Illuminate/Http/Request), Object(Closure))
#36 C:/Users/penaj/OneDrive/Documentos/GitHub/penajaime11.github.io/carRentail/Dashboard/vendor/laravel/framework/src/Illuminate/Http/Middleware/ValidatePathEncoding.php(26): Illuminate/Pipeline/Pipeline->Illuminate/Pipeline/{closure}(Object(Illuminate/Http/Request))
#37 C:/Users/penaj/OneDrive/Documentos/GitHub/penajaime11.github.io/carRentail/Dashboard/vendor/laravel/framework/src/Illuminate/Pipeline/Pipeline.php(219): Illuminate/Http/Middleware/ValidatePathEncoding->handle(Object(Illuminate/Http/Request), Object(Closure))
#38 C:/Users/penaj/OneDrive/Documentos/GitHub/penajaime11.github.io/carRentail/Dashboard/vendor/laravel/framework/src/Illuminate/Pipeline/Pipeline.php(137): Illuminate/Pipeline/Pipeline->Illuminate/Pipeline/{closure}(Object(Illuminate/Http/Request))
#39 C:/Users/penaj/OneDrive/Documentos/GitHub/penajaime11.github.io/carRentail/Dashboard/vendor/laravel/framework/src/Illuminate/Foundation/Http/Kernel.php(175): Illuminate/Pipeline/Pipeline->then(Object(Closure))
#40 C:/Users/penaj/OneDrive/Documentos/GitHub/penajaime11.github.io/carRentail/Dashboard/vendor/laravel/framework/src/Illuminate/Foundation/Http/Kernel.php(144): Illuminate/Foundation/Http/Kernel->sendRequestThroughRouter(Object(Illuminate/Http/Request))
#41 C:/Users/penaj/OneDrive/Documentos/GitHub/penajaime11.github.io/carRentail/Dashboard/vendor/laravel/framework/src/Illuminate/Foundation/Application.php(1220): Illuminate/Foundation/Http/Kernel->handle(Object(Illuminate/Http/Request))
#42 C:/Users/penaj/OneDrive/Documentos/GitHub/penajaime11.github.io/carRentail/Dashboard/public/index.php(20): Illuminate/Foundation/Application->handleRequest(Object(Illuminate/Http/Request))
#43 C:/Users/penaj/OneDrive/Documentos/GitHub/penajaime11.github.io/carRentail/Dashboard/vendor/laravel/framework/src/Illuminate/Foundation/resources/server.php(23): require_once('C://Users//penaj//...')
#44 {main}
"} 
